filename,chroma_stft,rmse,spectral_centroid,spectral_bandwidth,rolloff,zero_crossing_rate,mfcc1,mfcc2,mfcc3,mfcc4,mfcc5,mfcc6,mfcc7,mfcc8,mfcc9,mfcc10,mfcc11,mfcc12,mfcc13,mfcc14,mfcc15,mfcc16,mfcc17,mfcc18,mfcc19,mfcc20,label
bagpipe.au,0.29360751423449577,0.057691462337970734,2849.4656756565537,2327.3425872884923,5250.676583210381,0.19165228025832043,-157.45740379036607,47.40612610578027,-35.37649067124355,16.742679993049222,-14.782565635616265,-2.0185299032088113,-10.714551428016716,-2.6052831560462737,-1.8215259509832458,7.280959905863816,-1.4345820206731672,3.491243909476178,2.9857220120259136,3.1492464509459035,8.074085598441535,3.9141545649790266,5.277880959398645,9.263902416691375,2.527690301156134,3.4849754880752633,music
ballad.au,0.2521112696772132,0.026703674346208572,788.8117800851809,1132.2871147869623,1390.9415891665053,0.03981344028154025,-372.4124418265803,183.30498951935252,-13.101938538906213,3.9259963833340263,16.87510322343227,-5.824274024762176,-4.886340857733322,-6.741380489028519,-11.415675690241272,-1.3613663638077451,-2.5916055812222405,-3.2947410661658614,-5.6669985409718,-1.5815082158028446,-1.3351444759216162,-1.788654049287643,0.612835389509347,-0.4261944222425151,0.0005281450148672339,-0.9805339855596572,music
bartok.au,0.3734238675146501,0.060220424085855484,1612.2638028423655,1588.2969414417653,2910.707399350571,0.09838678224167957,-174.05528773910572,136.07299231930116,-60.39787511843833,4.902534225903875,-27.095964566550553,-8.60743505389327,-19.294806665394002,-12.681207631673239,-16.25774400641167,-7.096235700712313,-8.936236002535967,-1.953543545816549,-6.828345781204303,-0.39968473560436263,-2.32483389471695,3.9068591292319135,1.2668502309728942,3.451560257363342,-2.7948805565595474,1.3363922406396171,music
beat.au,0.36824567877129794,0.07034721225500107,2133.687671690264,2339.132987310879,4443.656463150639,0.09873069550599846,-168.42162760963353,92.98301393897897,-2.3391840219105737,27.882125935732496,-3.5247013189624203,12.737166828259593,3.068821476511449,5.616849946804538,-0.948956867460824,3.7480484686310565,-1.4048086218691571,5.04212734300021,-0.09862173061112482,5.750892448063813,0.007340411316612863,1.419396591252461,0.01898642887757938,0.9681741010160595,-0.9387046269362115,1.5025400911401507,music
beatles.au,0.3615257489095405,0.09937796741724014,1262.0189122392608,1827.5999023969575,2593.1343196715366,0.03613205664667183,-269.6759658299204,109.99012363351412,17.380903994638807,59.72512988169268,12.696099429512754,25.95350930601397,9.17431909871038,18.750693820412422,3.000106603560965,10.54357704776739,3.416184000351754,1.0326825001204245,0.13992212952151564,2.92002485506434,-3.3663090001504554,-2.6722673329866256,-6.875137793965468,-2.8115293302707016,-3.6980800704066668,0.6110342303853094,music
bigband.au,0.331227135870091,0.05095627158880234,2255.135628651518,2060.164333405142,3953.659426095685,0.12803475111261609,-192.91689973128086,89.26522355307655,-50.373130871957045,26.02658250826486,8.22752703597285,-17.603376225088013,-10.883678719433913,-7.903281228979059,-16.696348232881824,-0.3718922491966923,-8.664091752499242,2.540245811885933,0.7938589994951352,5.586034738154518,9.943990138095632,10.374258474256155,8.609344684612765,11.490908335497132,9.7762962711545,1.2997833375081778,music
birdland.au,0.3988728546385214,0.12704265117645264,2438.391783579029,2475.9605593047854,4894.178738904073,0.11714025916698917,-88.1352638123835,88.90440713128335,-11.252912938761751,28.22310902083173,12.40885669432913,-0.9397718532799041,-1.1364640161464181,2.7580762017600238,-0.3154693866968369,4.793796406587966,-6.969880520291844,1.7046917291557104,0.6343346617574165,-0.8476873999608516,-1.3148473530862486,1.2486158724839374,2.9492120673904574,5.2114822353402275,-3.103279401909306,2.991972810279118,music
blues.au,0.3730515486227577,0.0256600771099329,1891.2342204767408,2251.305942516301,4002.8757951577013,0.0735970606375774,-280.3527363396767,105.06445230087904,-5.445668306572053,24.808960413366922,-1.6310613343020743,6.298675968342652,0.4641635829618081,7.710496916437143,1.0036405734312976,5.509645299770487,-1.6940455940874963,2.669152279636677,-5.945474684174611,-2.7587308590633386,-3.535483133660537,3.5422706856940263,-1.924124280470799,-0.07850732461636362,1.4704973737618252,0.721945583093626,music
bmarsalis.au,0.47550869123372624,0.09321584552526474,1979.9494634679693,2441.5236179331964,4537.355896562984,0.0666133538119195,-166.75495373974988,95.70209385980617,9.324611339507197,40.22911669489582,12.985586027198257,10.534160086973706,1.0551009385362138,10.644201119152754,-0.36870669182219135,8.631322234971508,0.7100272784201117,6.194046617663291,2.3198062706714655,2.9199297180093047,6.9216673812932035,4.1081592671259095,3.202064070664779,2.961093157593946,2.171515236216431,3.743157895420645,music
brahms.au,0.2365609507909776,0.11993285268545151,1005.2184926773383,1124.2442304117048,1781.0642301482683,0.061066524163119196,-217.41478611528757,175.39904724962463,-39.459783397492565,21.06344868014199,-0.591077601869301,-9.916565302296737,-12.188839450481817,-10.82619709513499,-7.794829023966255,-1.0693906255850878,-7.3952711631503485,-7.401388995249885,-6.695308281369245,-8.131459083849926,-6.066323456181317,-2.057092348950095,-3.663827686547287,-2.2539464847198425,-3.638558178397116,-2.0034323319624256,music
canonaki.au,0.24032976693646554,0.13190674781799316,1982.9385939506374,1963.091813092611,3618.5947855190598,0.11521245525348298,-134.22129740123853,101.13946974618753,-37.256352797907404,12.473666267496448,-6.339925402443318,10.431075323378142,10.673640850861341,4.514278469114437,-6.490184968900892,-4.111063527807476,-1.9135555005712392,0.6652923601152233,2.4506281542656048,5.056853591464301,6.697559405241492,3.184395439309416,0.9987424221642378,-0.6536355155728049,-2.1827780891052857,-2.7716557080685154,music
caravan.au,0.4345482502362411,0.08294641226530075,902.6445853795417,1210.866615095022,1956.604835344911,0.04137200984423375,-232.53025158191832,185.05870663771555,-31.102812755022295,55.06715531921668,4.628439004080532,9.539305137386194,9.460081090470014,-3.710556678123664,-0.6418541371742041,-5.275602423707436,-5.150646936845594,-3.72846203699908,1.3887773541253268,-3.2270972564575353,-3.084609493837838,-1.5458364516861047,-0.8280492608993527,1.0683613982065185,0.6017034898153305,-1.0142789981417204,music
chaka.au,0.34675446090057005,0.1498039960861206,2293.837248577123,2372.2640151852083,4810.887575887674,0.10654659684597523,-87.91608075580776,91.67381938350871,-7.49421188626097,25.18779547970184,3.053586280334005,15.740362059693446,-7.844036498812269,3.546219751453375,-2.85795181580758,1.348625977862191,-0.8204268541855954,1.2619451379329814,-3.039652916581213,0.22882992188818332,1.6579214505943751,2.8217309700373323,3.0814040788629264,4.038054686088308,1.0602336514412092,1.3167329592265518,music
classical.au,0.3162904946796877,0.04067196696996689,1326.5961819179395,1810.290306105313,2600.3842758320434,0.04800424487229102,-283.37320833231564,133.52433996962617,-5.749694134537161,28.175957702664185,-4.532105976947788,4.7685685232886525,-7.40683403965223,2.2290029597217704,-4.814239798646143,1.3453112236073614,-5.330852474414827,0.1823090978504608,-4.517342488127866,-0.12202282256303179,-2.2906943001136586,-0.07228756446083426,-2.2594848093525504,1.6888931765850848,-3.138201537009631,-2.2012248751226315,music
classical1.au,0.27574358500846385,0.036862485110759735,1175.7357918392927,1614.5287878855254,2370.90233014464,0.05286060250580495,-293.81739225317784,146.78299287507275,-15.936243348391049,36.93252434873699,1.1099988780881807,0.7864549087974912,3.3404762361456126,8.91692239586442,2.7793825490808395,5.368941683993811,-5.40021652768649,-0.010648914161155707,-2.765411966017477,0.5760989239829374,2.2681636990266196,5.675730442431908,2.4980351375629186,4.801226102668528,3.265840565662384,2.7858751170957494,music
classical2.au,0.2285096499868469,0.04456756263971329,1130.440581173861,1494.9062537055586,1953.7131861636512,0.06209372883610681,-277.1837242214961,161.11734447414798,-10.128842552259007,17.68353038351191,-4.654983425953115,1.7595588714396078,-4.654775324089231,2.2449219033491152,-3.6154557133981737,5.160083894832295,-1.7415854644596476,1.956144597696963,-3.885342938711955,1.9129750902730083,1.422423816138296,3.458049856240681,0.030042644679907818,2.7534244402728776,-1.1232311824693493,-0.30746746797845265,music
copland.au,0.34540603215922966,0.09177189320325851,1712.409750553586,1862.6578202619537,3140.9810069175696,0.10088223200464397,-194.68578493533457,104.55307316861892,-40.60271452862693,36.743826713351275,17.0124132198106,-6.440236156590862,-2.29946409629945,8.394988817233111,0.17385930798278407,10.072306492726039,0.6323714698127939,11.55931860718312,6.080648980963871,10.877467610869399,11.313352054317349,10.954379631062467,8.475047716671956,10.339316644958016,6.281096021095445,3.8862062345371124,music
copland2.au,0.26237499589172014,0.045901477336883545,1079.0524534124654,1420.4277969238758,1982.0130150384578,0.05553670121420279,-301.75136954905435,158.86898555973565,-8.739705383705527,24.5229687144631,7.021856074256828,0.30309862392248194,2.820294785248213,1.1330816528342031,-2.2749557007303807,-0.3638292552244123,-4.5537909030929775,3.254505183238946,2.5436941403987015,0.8755138842402549,-1.8898904822200375,0.5915841543314282,-0.026305083574680078,0.9288771601580903,0.9554616385990344,-0.7903503309402221,music
corea.au,0.23171649984135984,0.062519371509552,836.2771720425078,1375.3856613394107,1214.2926573384289,0.03617211687306501,-336.05149473328987,166.33045829177834,32.53746467903073,20.948673948698115,-2.644921864871024,-8.193909585855483,-7.111233947124171,0.6627991519726703,-9.920304370535991,-4.899292399093562,-9.795735691225092,-4.208198179926851,-10.87557042238731,-5.466196671703615,-4.308041912343906,-8.736302066410092,-5.987025513738882,-0.08230100137183717,-2.7628660169836015,-2.723216455273077,music
corea1.au,0.2684962754142453,0.1404533088207245,1674.8278497425902,2355.8180542655505,3571.528403456366,0.0646432221120356,-140.31685082264173,120.45622822792673,29.262011549181793,4.554598946993254,-8.060314057699111,2.5222430666880147,2.5865790456399553,10.277166484448419,1.4504167422925995,-0.06159549946063186,0.4537096399194345,8.963761819466772,5.887823765377486,2.3675445934845434,-0.5459987413702749,-1.3381450159525499,-2.9772158539845774,5.800025344596224,3.315716849443081,0.6430861969442214,music
cure.au,0.3813880562932531,0.057145606726408005,1994.5896756087213,2181.3385693032355,4161.016505569128,0.09477380333301083,-180.91861914799887,103.39536426108968,-17.495585989569825,37.552854324717394,0.5255746619108025,7.6663574492403965,10.399753584569282,7.817220435884574,-5.013372421617372,6.15117702185554,5.635517053370105,2.368391508807589,0.7024967064455272,2.962193320033189,0.59565413805745,-0.4409308799135967,-6.240135887122261,0.6520048407644335,-3.176757386642183,-3.1068532056852955,music
debussy.au,0.2659408602210883,0.061107199639081955,1198.2745122141407,1405.5628508253735,2195.036726913216,0.07147689205205109,-244.59107381663875,168.35227521282633,-26.03358583234562,19.29488989948579,-0.3106969826803712,0.41209878738597044,-3.7263707008978635,-2.84219217469873,-11.492656999387599,-1.4126536623962236,-3.7200513320798243,0.4180397942381116,0.723309098257307,-0.8059189013403757,1.2403186569809679,3.247480250460337,1.1314610739983038,-0.2411941654903066,-1.4618027899623185,-0.7116352412627537,music
deedee.au,0.3614115942368757,0.08226995915174484,1778.6192779789922,2275.146611121272,3851.5767100425696,0.0677036722378096,-206.45280145197376,107.7926716036489,10.66275341945098,29.604194279152292,7.357556370582578,15.894841693309875,4.293085414660127,3.33571441759881,8.624440120134352,4.183946616643722,1.2983199427443446,2.0165032643003773,-3.623628353367587,0.7858968779298371,-1.9876195188101993,4.205583677074274,6.468712520370537,8.428009830269465,0.6829335686058786,-0.5585413168704779,music
deedee1.au,0.3590477068997022,0.0606912299990654,2001.4260095428651,2519.9894214722367,4579.697307196933,0.07016284104102168,-211.21119554083418,98.21717932485281,17.513983753353358,27.200898522398152,6.620754845579264,14.267321355382812,2.3182046316229625,1.742320011742496,1.2899647878444145,4.83854855422895,0.758996995309069,3.1376721040463615,-1.7755808879390322,1.4448932791093387,-1.0502223916845863,-0.18911752162459017,-3.2338848210508906,1.8622923097092228,-2.0134574353861576,0.7427561479943492,music
duke.au,0.3300154076133822,0.07211554795503616,1146.4313577349028,1261.7783005650936,2320.044304342831,0.06244520063370743,-248.74593765660364,153.66371733243307,-44.490801524730806,58.229407826714315,32.339252110505235,11.146394850602263,6.894069378691733,-14.485123009354192,-1.8437296351602546,-7.175608291004094,-3.6716009404321257,4.03840707379165,-0.26226392283970507,1.0421500641816812,-4.2402298983779785,-2.6192512608492455,-1.4336749345015778,-3.952490923024462,-0.747972024539953,-2.7348616263633394,music
echoes.au,0.34091753377802764,0.06527203321456909,2114.301048983683,1892.1835454929646,3624.8697475752224,0.13067003374129257,-200.71307964902704,96.02630942423833,-46.687085435029374,38.02444987976516,8.622787799177232,-29.606543129417382,-11.955677348156076,-0.331691661645307,-22.282883154710383,4.863543788249818,-1.9845197960291927,-0.4147686844417457,8.24890789555264,16.506057468269155,6.8329062300119805,7.892179991269582,7.471939802795229,10.066542027861292,5.6079590679040665,7.955431939946687,music
eguitar.au,0.3326353736838806,0.037257105112075806,2515.3973821405484,2613.1554543934158,5519.633290199304,0.1122733195868808,-191.98793121298502,80.00419072095693,-0.6026601215652827,24.803445617558044,-2.3631304388721546,13.137757857742486,-1.058934745580749,5.726895560725783,-2.4064132217940957,4.533581193480427,0.7391846487486795,3.7967246878499386,-0.2933805554448449,2.677018408508296,-2.0250795524600433,3.499508192421708,1.506484719477904,0.9447620961730241,1.7258405631108789,4.957542156215006,music
georose.au,0.44182317309178437,0.055334754288196564,2589.049747060465,3127.7783840340185,6725.250999993953,0.07203433388157894,-207.25931727883128,72.42512855793237,39.596454133241025,26.005118602210413,13.351149953145722,14.342517435724957,9.358758340110105,13.24703940732115,-1.387910171446556,3.158167924437911,-0.6116020820308713,3.4780376691096,-2.135173323474291,6.622135374019708,0.006976722997528296,5.272586867449182,-0.41701779398476657,2.3328123329966277,0.38108524803783395,0.6982319154669069,music
gismonti.au,0.26663477118724555,0.020571555942296982,2708.4960046419833,3153.9622918685714,6907.758229731037,0.056887789038312694,-355.79176036490145,51.18437988021255,21.650303118305573,27.807821181853594,34.7505684021004,6.413171825951156,-5.848278253115401,-0.2870425595934478,-0.014528368674170776,0.4374522595889972,-4.845089092349222,-0.25510444373065533,8.352019886809327,6.70725384651207,-13.493227018524484,-0.4421368991047572,-5.928338425655123,0.47406508525226565,7.703814977483123,-9.33203464905902,music
glass.au,0.23432544064179325,0.08083043247461319,1814.4329676372734,1919.0235512258698,3340.0964695602747,0.09248318982198142,-187.56109936925654,102.77076667232093,-37.73250610093592,42.95810096125885,6.343708140852091,-21.915507134670765,-12.83755090619766,-6.533488038287326,-12.175082681913796,4.991224288300609,-6.0014634531176805,4.154327482272536,7.941976458855378,12.44837524793143,9.127002577001592,9.84129485461577,12.14609854657721,13.017607351175544,8.758696536431708,7.074303822052311,music
glass1.au,0.34938139980769073,0.10427065193653107,1716.1824852119971,2050.1394744338245,3633.786360324352,0.0539380714251161,-158.88470978330986,122.57077567206356,6.925426206284892,30.715714766455324,-10.562345469746887,19.166750890936807,-8.640233483405776,5.11931841155108,-2.989934003336304,-0.7528514828049719,-3.3533039423790783,-3.2232946283220154,-4.027309106940639,-0.8127373103833121,-3.5026928594033624,-3.634970036602188,-9.043221655003908,-6.184788994897577,-7.28143199109304,-5.31453931384672,music
gravity.au,0.348704528153082,0.09054701030254364,2509.5916615201404,2548.9255505374585,5292.476330453028,0.11507186653444272,-146.9190454629918,81.95834902950718,2.081662703705869,21.7713388134544,-2.542108589075569,10.894638137247679,-2.5625623031246207,0.23612167794026898,-6.752538008315109,-0.18098492482473555,-2.534142235679785,-1.4641203358177572,-1.8346506357256076,-1.466838048963846,-4.07893234451285,2.3209677469376135,-0.5732234740862209,-3.3682977230390168,-2.8685328525249743,3.9172805097405483,music
gravity2.au,0.21960437026016458,0.18830187618732452,2379.739488345964,2568.1441981952057,5262.37651246251,0.13251507171536378,-95.77995203830491,78.12043034764643,19.047016086723392,31.73061095599648,5.906528596010687,18.12282692601712,-2.8883231359326658,1.7651265330121335,-1.23756812656029,-3.249388477429442,-6.814712298062417,-0.3075286340507511,-1.6604800630754195,-5.717583077190584,-3.446636218814032,2.5323582995378016,-1.266740799904354,-5.19666898449022,-5.820127229739614,4.0346717966276096,music
guitar.au,0.21253862037788485,0.03880803659558296,669.5193848194297,1316.4148871298094,929.4443797769931,0.030481675091911766,-390.79345062086105,168.38024704262224,28.056420033133843,27.386939458848317,17.870003085537817,6.550204027708414,3.0698987031675036,4.709264838294895,-4.6433788542590975,-0.6151934863500144,-9.262584847103186,-7.962799516731068,-8.064485572353988,-2.7505872805034657,-3.5776401909091615,-2.000036348057039,-1.2142201789105178,4.506689470306185,8.505668594187362,8.268908365687851,music
hendrix.au,0.42769715216484483,0.0913410484790802,1612.4521702878194,1780.299932674229,3245.2637096676663,0.09390192651896284,-144.02619375821382,129.6060922484505,-25.32377491717482,52.36433359948128,-1.8739214919876706,11.536365388823917,-9.007068818477752,14.32918185875676,1.80322724968828,4.545665959790577,-7.065741757607037,1.3549786958314989,-0.8124263235660247,-0.669820163346174,0.2453519564340326,-6.114040714166542,-4.120637796848794,-5.971330871526947,-6.077514372099669,2.7745543581330416,music
ipanema.au,0.2897016170713418,0.07119442522525787,2163.7154778395684,2167.6963108217165,3949.4927846241294,0.11347096918537151,-184.56245212462628,92.52164969642533,-30.99429201661465,32.05807275238074,12.030777290295253,-16.8049843390407,-12.83321442439488,-10.80058851154666,-20.387870995081624,-5.148998972330875,-13.367290116955816,-0.9639838358322799,-6.831263481712988,4.744801378419411,11.126559880717172,4.068966894581257,10.675571636788636,8.244753950257678,5.395166625366189,7.873951828935266,music
jazz.au,0.31991917048872565,0.05595000460743904,1782.117562015709,2047.451658345092,3466.862369690886,0.08349949508997678,-207.99561692143766,112.96586829800434,-24.00499096569165,15.439171009894304,11.263755113014344,13.348937325312875,1.8137504620230986,5.59103704147336,1.8198112390735666,6.065967436742014,-0.9660381274174485,3.287048011448155,-1.7689379351556462,-3.2664106451562405,-5.072787121887738,2.4170992069686674,0.2245276980419428,4.549664379369604,0.07100674768680991,1.003271194011272,music
jazz1.au,0.36760979670607824,0.04494557902216911,2413.569217681879,2578.123444187589,5239.526650632498,0.09767816974651702,-193.52914438385787,77.65222456712644,0.7907685345250258,36.085875813549634,-1.1876329570484774,7.5318736075447426,7.437983188598181,8.607767182713589,-4.308394355535363,11.296381264728225,5.48561434050617,1.9263000565812791,0.09968866896085055,2.852199853412878,-0.9636921914021269,1.362197203123623,-1.9230363498076506,-0.049514514160462895,-0.1516050415893408,1.0296286509420987,music
led.au,0.43527525874511197,0.1068895161151886,2649.5085580416394,1766.2688151427615,3763.7939075198337,0.21497413469910992,-96.40896123775774,65.16955442235596,-83.088752621979,33.78114890349794,9.45940436481311,-40.315993384106434,-10.50464522976931,-12.762597790638393,-13.5279337941827,3.650713055568226,-7.612013056077327,6.351448306398901,-3.412704237162962,2.2676093745432215,9.765356642639796,7.363567502782865,10.425597320819367,4.530496968012349,17.979391673717178,-6.512110634447038,music
loreena.au,0.2920437261620394,0.07349841296672821,1744.0230095959391,1855.013064098564,3310.4633154145704,0.08819296633126934,-172.0360681725486,116.21909489902941,-45.15936621575844,27.629476758565318,-0.5638430343666362,-20.0038020951168,-7.321093247807902,-7.647990659031175,-14.810113453105759,4.918800511335578,-11.369874013775375,0.3754471318584897,5.684475099616854,6.924198417615999,11.245727599199068,13.133892695380835,7.916863729368572,10.85330792092952,10.84240307761033,8.622462511116836,music
madradeus.au,0.2650006484529956,0.09289250522851944,1667.0595326193677,1717.555456414547,2853.891076244437,0.09268386888061146,-162.01059819084847,123.21846157167312,-48.34681422768023,27.00303395344632,11.484267126820146,-22.977502408930082,-22.30262681961903,-9.81582017894446,-18.1960979114229,-5.877102449949816,-12.250961787168404,6.5797525583752545,-4.716752653236547,1.2371098228879427,9.705963554060945,7.3959979059721945,7.205175546905807,10.068665608747768,5.5311987022588385,4.891012246599732,music
magkas.au,0.2810196456683032,0.12498068809509277,2113.8481065955925,1659.8383374085633,3244.5637139004452,0.16204626124709753,-145.32929173315648,94.76515198316922,-73.32988830406171,19.860517972690708,7.258739321004711,-24.6272635025716,-13.628391231405582,-7.519470723604988,-8.540335579536091,11.053561722194479,-1.5846210111059493,-0.2579950934206724,-8.35187538277804,3.3584221759060227,9.177369618495446,7.4708423866937785,6.415535585223829,6.339623014872953,8.775075478952552,9.223267124161376,music
march.au,0.3912455010197268,0.021895775571465492,1609.2075028881964,2006.1005943871164,3479.495626632643,0.06619725655476007,-274.04576446684064,127.27670598965955,-13.886404323985431,28.374586572024974,-5.028216534929903,10.3876303249311,-1.8790650923786423,2.232332144155948,-4.654137476124395,1.239695975198316,-0.14039800784785056,3.522036558861228,-2.511767133393344,1.39242917618827,-2.326183324376926,1.2619116230654672,-0.8170325893264201,0.5106084618954311,-0.23670932019281912,2.846497326596028,music
marlene.au,0.29624145369047505,0.05982350558042526,1596.678617444299,1859.6830932581206,2999.00686541578,0.08126216923858359,-235.74638772548107,127.81290853500661,-0.2869811329087201,24.868362177804162,-6.659578553774503,-5.394017520940762,-11.999527263607913,-7.355138249699411,-9.363114080309613,-4.24962660558397,-11.82563241870709,-3.9797889828367867,-6.321352407839998,3.383609963856757,-3.4758507706014417,-1.5060714914621698,-4.961296861425468,1.0864900522429806,-2.634459813688296,-5.403774754476037,music
mingus.au,0.24479961898674144,0.12859609723091125,1504.7835651254034,1981.2368663218904,3219.297200016931,0.06500300829624613,-183.9342523987786,112.87914282669084,9.700764829420354,38.82124400254242,-2.940904221411435,10.02428159899032,-0.31262056090204304,1.086976337188657,-2.9814065152787816,1.934863727269486,-5.065835559114494,6.400448612677807,-7.992385607053055,0.12382665187602071,0.3924644723495218,3.2239110035628697,1.4535640430040808,2.715364817512152,-0.13599250856811843,1.39297495571105,music
mingus1.au,0.3397037175051303,0.14147348701953888,1530.1187509548656,2084.3804135594773,3347.071427383659,0.06403060298955109,-169.77974881788933,112.0141807462472,12.35215821612971,44.63278046791112,3.0952652367657105,6.186180225444545,5.315671230806998,-4.299502909765957,-0.06465987330242667,8.206207382517368,-6.7364136817899345,9.952769473481657,-6.429849098600114,7.3085730019734525,5.237234076488211,3.8480730471876314,-2.1998097720891954,-6.928114849676826,-4.490720431373495,3.9162246904043934,music
misirlou.au,0.31344397263398793,0.040463708341121674,1504.7811846441161,1937.4185139419105,3240.7137371807275,0.08010571364647832,-256.0794556894546,139.95235950737154,-11.29645839553717,24.019929952300075,4.600099470116141,15.088056610021416,2.6517530467500277,6.500574179976567,-3.8570286095211794,0.585460563972223,-8.017307205360071,4.981802344626201,1.8051799124984882,1.214220652931764,3.5656538077799165,1.0355336177640764,-2.085331982858001,-3.986107113831173,11.467170905112285,-5.235608973605708,music
moanin.au,0.28657314945626583,0.04592033475637436,1305.474058183903,1768.0232940531564,2465.0850939676857,0.0434029877370356,-306.6573243892457,130.36782279400595,-12.895642857653385,14.385725862252887,9.630522751874556,3.2096378875471228,-10.011435945356189,-3.3579891387257477,-11.15024772055002,-4.475201108565714,-5.3679654242073696,-2.2865092795638686,-3.101807149131888,4.5138889560438145,-0.8901775139520454,0.04738180854892202,1.7245627067272113,2.1815507327469064,-0.9203563470502116,4.410905606248688,music
narch.au,0.3718372490026509,0.08621512353420258,1649.6811965159523,2263.2380080546172,3677.602762039232,0.059363964541408666,-153.2121857228382,123.26489778363107,13.45643214511452,22.25715725746067,-5.107806300942492,3.139189731813106,-2.5126800825054745,4.2654678325513595,-0.8643297166861238,2.463722092587261,-4.403217238422267,3.522702821430428,-1.8340158401086948,4.0754000777072115,-2.39999738062714,2.0411353717923837,-1.3898135384639383,2.098341001230159,-0.33599469273661897,0.7203624088980567,music
ncherry.au,0.40332133496661227,0.15861335396766663,2541.577985408779,2824.9586320241137,5960.688956529363,0.07989142922794118,-110.95196750561686,68.91518868561359,28.62436371583882,30.887574513022514,3.517215593213933,21.079806883059366,-0.22714353004972337,9.491030518494775,0.25928153305571405,12.198611896807385,2.644563190469508,10.4018525462829,8.042823226110997,12.220361821365703,6.77319190193634,3.1443545381616533,-5.077417562777013,-2.61245111793874,-1.0747192300647108,-1.7239786373469261,music
nearhou.au,0.3765062998806299,0.1213773861527443,2446.9300786893837,2675.5020399191426,5498.208419752564,0.1070927008755805,-90.29417575990605,83.17967945301933,2.0653701355412593,19.625101282019173,21.703596029814868,9.982010925623529,-12.270439785400471,9.24869152857058,1.994048120228384,7.975583935504452,-4.980702241542546,-2.6569152752430027,-0.06453862537045707,-4.815803480568806,-6.367189434380194,-4.02386333841975,-8.864227391879723,-6.678567954855671,-7.535646901264762,-1.4011312604478345,music
opera.au,0.4542872500594199,0.09358453750610352,1606.3353284631496,1879.109298550857,3017.9567508284154,0.08184757764125387,-213.97318940402886,106.98973090273513,-31.209256473630663,36.01724859842004,21.767189932228625,-6.700885300410505,-4.926058237193248,17.96722053985159,5.969375371172187,3.310371329050831,2.9560874553713123,11.112003652961736,0.9544698100429367,12.124608074367952,15.781739898964796,13.88108929032864,7.940760076013854,5.779040117976452,9.10550072477672,12.731246267925997,music
opera1.au,0.2672959755277052,0.09024268388748169,1338.701185615529,1463.6862141133868,2617.4925057142514,0.07278489623645511,-210.13276966457389,152.4882866239726,-36.74827849268398,20.296383619229516,-6.033715727719559,-20.93297032101187,7.94278554917907,0.13092996044875763,-19.88200031456604,-1.8500676180762006,-2.043825419824751,-10.48217970563214,1.6049188835385606,5.235955421027382,-3.7294179602678743,-2.2282798016897725,2.266911029327045,0.35097669223364336,-4.870064144208216,2.1969471075086178,music
pop.au,0.3119358410775876,0.11132737994194031,1391.8728445983058,1676.8895810516544,2842.224480124081,0.0712010055872678,-150.38632149279888,144.52573212178063,-22.17551088214636,34.59659791357037,-3.2424134583954354,15.454417444787698,2.9295483079339304,8.055482916709277,2.2691190114257527,2.276162410010925,-2.8274758563550435,-1.4254859955528714,-4.83755271855014,-2.236868971944923,-5.081375821376509,-0.27101651060828996,-4.867788891593273,1.120127344874142,-1.490677752718186,0.9865732948478936,music
prodigy.au,0.39512122231112606,0.08162055164575577,2613.346416650066,2633.652456574141,5559.874713531589,0.1372863958494582,-111.23592055212555,88.2248624122192,7.485100232474292,17.161860633182847,-11.567674007064989,6.239477801961101,2.468728528944711,8.731145781208815,2.5922375185126723,9.263638415188593,4.637641735313038,9.801272814237098,1.9548946786248667,1.2395164340250486,-0.7785820715670352,3.4040051871623676,-4.799260411551646,2.803246061825668,6.412033526759421,2.900432580502281,music
redhot.au,0.4311576018764896,0.09053881466388702,2496.072710747139,2443.681721179698,5028.88625767947,0.12360847402283281,-116.34328574362199,76.26066392161891,-16.723078678751552,44.8995562616268,21.13032710542878,11.721290724458669,3.8957758892875276,10.53445862070364,-2.1787222677421587,2.3779878537940706,2.97423801190987,-0.12875481783958342,-5.232164240240049,-1.851934228341053,-7.33203366058069,-1.9866072488699718,-3.513459387611423,-0.6880565661550092,-3.7869920313066054,2.324470087845094,music
rock.au,0.4481173086925934,0.06215804070234299,2470.8684062131883,2295.467557291032,4648.388558497001,0.15056560504547215,-131.28916669127625,79.83510655999511,-44.17689825593927,21.99686294518866,27.787801306029323,17.634195957054835,-3.9621626201123368,10.538941900203625,2.073029151374972,2.978554584876658,1.0599678091770102,-0.658331816670805,0.9962408818231948,-2.5173935160008245,-0.999966869846148,-4.128489666914631,-0.26158352876856944,0.00389499522859684,-3.92894312250295,-0.9563271413149053,music
rock2.au,0.38293440552404173,0.05592627823352814,2146.4128638928823,2425.3167305113443,4706.379874498113,0.09402853195143189,-158.2011735798608,104.3584106269185,0.9925591591576028,23.902552857267867,-3.767822089681703,7.504753792796228,-3.960244430378143,3.4670657371544347,-4.769823076270162,1.996645073475171,2.025970845963999,-0.49861102754756503,-3.730867534584723,-3.7649306814051267,-8.831072082249673,0.8223921951977098,-8.646722637514742,-1.9332439941134507,-10.118591891575148,-0.7317884949234338,music
russo.au,0.2646780794234664,0.07790029048919678,1592.3485066796034,2206.865466936617,3350.2547414679275,0.060368493614551086,-211.30642987975997,115.08611093753471,14.807407405684389,24.693682162160908,8.598234560819032,5.049779372578301,2.6119752824056968,4.395240569106626,2.125598599447779,2.2306762343188367,-3.0113640301089335,3.1837195753744805,-3.000157295856836,-4.420084053088328,-4.18735081258197,5.168314862717558,8.153559479790042,9.751390292509495,3.9474344460042867,1.458556992214894,music
tony.au,0.31722796081509147,0.07901924103498459,2261.5459794757076,2548.247389169986,4956.311696527912,0.0880323474990325,-161.88470714110204,77.357362411497,4.708924283050939,40.611152089312945,6.632267265453804,9.30799179038459,5.708713847153597,7.065546183380145,-1.0097314320267456,9.66479764627432,11.273581919000165,4.960410367631665,0.49164236776017584,3.1088701749907504,3.3801774029087164,0.8576681399760837,-2.8486381163816508,-3.0986302413886437,-4.290925880896961,-8.631655644992888,music
u2.au,0.38090095950021935,0.09250475466251373,2069.6695188679514,2307.7476364158297,4108.883487477022,0.09588717528541021,-109.52863361708661,106.35737608828417,-22.417982051255006,16.609410607991386,16.180218553991107,3.610943701107606,-7.414931094411129,3.833437340539956,0.5711838070411651,3.363354935554628,0.5790292413039653,4.163894614731095,1.9768750091502747,-1.1131527601204894,-1.8609614028440198,2.4615747432556754,1.0285374396549307,1.5037720368006546,-0.8724455884493114,-4.19594316619642,music
unpoco.au,0.30431829203931776,0.08453308045864105,1995.6090455609144,2159.6312438293767,4188.624671959656,0.09802737398413312,-165.45517718603628,115.00544416314426,1.115720924346041,25.9433965506545,-15.26015293815271,7.514405449542242,-20.984984484182608,-1.3020891734974138,-13.74847569407949,-1.162858468499378,-10.950958131688278,-0.34769037233474015,-7.369132647075225,-3.9652263294521375,-8.47789860197363,-3.882448998334658,1.6152441024510225,-0.3695577262287099,-1.410761869344603,7.766240988727683,music
vlobos.au,0.22995500958198192,0.07525544613599777,1235.8462770287545,1296.8857944369965,2216.394931096411,0.08347984290344428,-223.54071902263829,166.32532266450227,-41.890631359956046,22.397269833118223,-9.348381631101065,-8.407625234342385,-2.687704944908921,-2.5012281748119496,-1.878210953814152,-3.622712535963109,-14.448072220068632,-7.843381361147407,-4.117204560704391,0.9841886598007717,-2.7141230473035103,-1.7505078480139753,-1.9943128151115952,-2.1712882663050337,-6.257274520804171,-6.101674584489174,music
winds.au,0.31531700541724333,0.06671833246946335,1358.4321059364272,1712.4887058118652,2650.2673075295083,0.07274710357004643,-214.70252936731745,147.74019179920754,-5.034620211590362,21.022588626185097,0.9207862816866039,5.0637750965750215,-2.3722120359150685,-4.988984038740386,-6.357451106858731,0.581238391268617,-2.363396579052941,4.7364726746521715,1.6864834261683088,0.16380378849308272,-1.295255383102504,-1.0558142370945336,-3.093049488048558,1.3580510194837576,-2.672621123323444,-3.4118142390771036,music
acomic.au,0.4292015023660281,0.04861999303102493,1944.5190988242,2234.342379876762,3977.4759487470974,0.07338882304566563,-229.32199363664955,108.63226662720074,-7.65404735093311,18.624785090386514,-2.1816882785573988,-6.630271608661414,-2.5827290235853226,-4.635557121000653,-13.527220579005464,2.579913272427112,-8.823501219055673,-5.528144312801258,0.5736228096028603,-3.8798148141887725,-1.1245440238667905,1.4532563402450016,-6.567168803182657,1.443510569232111,-1.2976370503046455,-0.8909228515166693,speech
acomic2.au,0.482925435794773,0.02725004404783249,1822.2285922109124,2389.5639275784156,3963.5176998173856,0.04340109810371517,-348.61752864425085,98.46220270115697,17.148643651159198,26.328355650371424,13.673916124465544,10.47141309210602,-0.3618049762563877,1.3135430208151386,-3.650877640074257,3.437967780209145,-6.149573964929785,0.182858144861361,0.2304197316192437,-0.08840047579189685,2.4455623821912686,1.9562958834608024,-2.3766647279578503,3.615797861869013,0.2952355382786203,0.5066833749114934,speech
allison.au,0.4674899542597769,0.06347648054361343,2296.1995034989764,2282.9025065512055,4454.789729162635,0.09529572005611456,-225.8872490906031,81.50420406047996,-17.32334399609743,25.768933580650938,12.924024397093866,0.6637907112825367,-7.933903431140133,4.00364502356884,0.5059369992595845,14.18701939212689,-6.188707317295192,9.48745110610564,7.2800123688148375,1.744349759874073,5.765420931593681,7.080683030350554,3.702276870682303,10.805447133197195,1.5449583441872832,7.360041520806561,speech
amal.au,0.4095509598685301,0.02673656865954399,2744.2216261982658,2573.1316069188692,5638.599237495163,0.15369219233746131,-256.3642855039585,76.93804589319359,-8.520287663565044,15.298515267062866,-1.943931471937481,4.816608339244878,-15.251283725520796,-3.7933624716719,-1.7921063257487257,-1.6943221296554731,-6.804606191754918,2.7265847377448487,-6.098003426121676,3.036737759835778,-2.5996919656388373,2.0042032449029246,0.17252621048115488,2.3875846531293647,-1.7922340354690516,3.950304297270197,speech
austria.au,0.4952273123491062,0.04437963292002678,2700.056618399727,2589.3215652396516,5574.799623282701,0.1304878730892028,-237.6213289952379,77.94569970345013,-4.441962185037294,21.351329439612623,9.463467450597646,1.7287737991573247,-8.628446312978326,4.327470280536158,-6.81723266358752,3.422913859993934,-1.7628670784858553,3.131482017735285,-4.467551393480453,2.780321376847754,0.4479428298498217,3.353321037273029,0.1660983049351953,6.1586851243573495,-0.27899466932092915,6.5997393679565794,speech
bathroom1.au,0.3768245824083929,0.023345932364463806,1736.403517788452,1714.1176559845183,3162.972540604441,0.08276027053502322,-338.78511931004283,127.40183542862972,-43.76469324459029,21.11307432590714,18.522141421301846,-7.9588401035800835,-9.311204994853016,15.654439720168666,-6.148438403031629,1.5249455782473642,3.5735739949064502,-3.4386201468870583,-0.04446354732078676,4.683801605929744,-4.476998765695666,2.054226073229767,-0.401364259203347,-0.21778703643546998,-0.10801986885401602,0.8566859595981722,speech
chant.au,0.40272203650418814,0.07329403609037399,1713.0419519030058,1760.91858063933,3112.8478437016256,0.08664044359520123,-238.41409761055777,119.16452145172312,-45.7708181303444,23.79608482697697,22.676647762433447,0.7857394468407617,-3.7686120383030897,12.660031982355404,-4.636200320812858,3.4770982540728532,4.998198344806533,2.984907308561149,0.05048832329748953,5.260905448792081,2.0613806093014992,6.13346814926259,0.3778559258045296,1.9831627999857588,3.1102568816957787,1.6832285374364226,speech
charles.au,0.47104089704802093,0.07127261906862259,2051.1028149171057,2302.92586502044,4262.190893781443,0.08332413711784056,-219.0480410081174,99.91195071732773,-11.561536857997696,14.243872753453694,13.227398138886402,0.588239798827549,-4.269843322358712,6.018069627994036,-8.273029930620387,10.607738958798734,5.057483285814095,5.998136004036369,2.570288716141468,9.336535069543224,6.340039127331169,8.810517839314778,-0.5577341209453193,9.474106142988317,3.572538653499468,2.7788769609980526,speech
china.au,0.44868504872065995,0.08776436746120453,2853.353628870334,2546.2158350867044,5669.024053520462,0.16739543525058048,-209.3159210137014,73.93186600785891,-14.0638751736567,10.599848980199557,-0.06418880935538182,-6.119661066022293,-7.625373713764758,-0.3352631384303356,-8.569194472245675,7.282394467048093,-6.993982881652804,0.38938067138623644,-4.17738523253193,1.4463006971540568,-0.9593052612743874,2.1657336370640135,-1.647909394274172,5.141013929229918,-1.5930802244671416,1.0530151090903037,speech
comedy.au,0.4100156067333552,0.07911689579486847,2559.6470904511384,2149.4887131154405,4455.181393460962,0.16372879075561145,-157.3974440314336,72.64612164410323,-51.26339674796451,20.23737172568376,5.3742333416870425,-21.09059898533996,-19.468748965563638,-7.222095949023196,-10.84724089461627,-4.22803886362154,-10.34969731601774,4.815826857779574,-2.6552797509529755,2.987620803935869,13.413941012111964,1.7960358770077325,8.377436622722088,4.03429620047716,6.160191559816794,-0.8937713380087887,speech
comedy1.au,0.36103578524065544,0.08278685808181763,2535.2666277310336,2134.8619156965333,4440.823146949981,0.15496353763544893,-168.12267684919377,74.86169351293184,-49.83706473011864,20.386895376038126,2.48103817229549,-15.81156458949441,-17.18271172232776,-7.383630399843694,-6.030778543502001,-3.5155097111029865,-10.223407006708237,5.012634161359075,-1.4819232296324467,4.675827221706119,10.59145313914899,2.2133425375998765,6.4437635749896245,3.369949528306388,3.4468840371568708,-0.3656937179580702,speech
conversion.au,0.440666727574794,0.01765052229166031,2862.4700507896,2759.958743340171,6131.187925545424,0.15203573976876936,-279.1989133784007,78.75814388453804,5.604338658989874,15.5791508179738,-2.45288662372116,5.315717768438323,-10.321582909321732,-1.1672112294222443,-7.9411334493422086,2.166859041564043,-7.9439185064963835,-1.3022869734221298,-5.646279826675372,-1.1254846915956815,-1.8277742652379294,4.741166552090194,-3.384779347389522,2.2949681484775417,-1.555415981579498,2.511822735066315,speech
danie.au,0.37927639125272644,0.03642352297902107,2708.1650103735615,2486.940798785338,5300.026284799487,0.1526305963380418,-243.60407114928992,77.18042997451127,-5.396901646011005,19.15528298401286,-2.9475593793889314,0.7067783945462124,-17.088205892685316,0.03444679294686729,-4.188870461439427,0.37131307403944946,-2.1757652022564815,-1.2905061406030023,-5.992006405911918,2.1753686027405235,-1.2466989565918067,-3.2354922889298496,0.9639485752113698,7.508603807773082,-5.362091974871879,2.2549543843860334,speech
danie1.au,0.3561916876183198,0.05192306637763977,2934.3845062794453,2413.619582972414,5447.408726931357,0.17640445106907895,-219.8411486838136,66.89478930075877,-2.2878250885404183,23.04773221317199,-7.489927143223418,1.9827879365111423,-24.680644796812782,1.6580267592363467,-6.078358135598857,0.5643108995296898,-3.160863106375428,-5.135633483102098,-3.241730483875159,2.2481294050645113,-0.930266953141732,-1.224922887599894,-0.45621519313019254,6.451918231975407,-4.113892902294578,1.2739556438930555,speech
dialogue.au,0.3652444558432542,0.08296255767345428,2260.183537333903,2091.4522551621503,4194.107972136223,0.10862405971845976,-195.37115546987746,80.57541529433041,-23.33041126290499,40.456818242009106,6.156972902250005,5.930685865017158,-0.09683223019011347,1.0242242869407485,-1.3509579716605955,3.8084223414335954,1.5144145353381198,4.056624407933173,-1.04465227043934,2.494617699562428,-0.2404248352017574,3.465685478456463,-6.524405068511242,2.699599440383659,1.0034097036508631,-4.183667705347672,speech
dialogue1.au,0.39714121420018433,0.04609554633498192,2092.0859847110355,2151.2903805263263,4141.6416227263935,0.08069452338912539,-264.12751780486656,84.78540909160387,-17.37956861969132,44.01662696547993,3.738290631568533,2.5740266988730847,3.384615614201142,2.6737894201826977,1.4064505052936747,3.8853428061272544,1.7618526138265096,5.616176112087405,2.7318477880451026,2.8592604628023492,-0.6210356158975886,5.275399416296562,-10.730597774542412,-1.9074835497301164,0.4456283218696253,-7.0931544180856445,speech
dialogue2.au,0.39454514594200224,0.10127595067024231,2546.17032893685,2314.3140112802316,4896.570391108746,0.11508887323432662,-167.34671940938816,69.0627281115646,-16.82426428765398,42.923776499404816,10.527730595847322,9.952583522727014,-1.0288321687233215,0.3817132538509552,-1.460910314206642,2.917988653995487,0.9553990611645539,3.837921508558054,1.9152190215427807,2.840794299104871,-2.344887143901707,4.573654487663279,-8.67960239577171,-1.1486754313281475,-1.421226082241586,-5.373648954221758,speech
diamond.au,0.43318062060226903,0.02187546342611313,2583.7344999835773,2380.964931890339,4823.504166263545,0.1151576558871904,-338.13990153809857,72.91872229586505,1.5395981984053477,34.60975581928355,19.097955680130724,0.055764610002390115,-13.331796961451843,18.387581587343185,-14.683982888677575,6.092172918099502,3.9506204047303584,0.8752579064408023,-2.113717397251507,6.894556624217053,0.04095667423902594,3.0435991663184345,-1.4171356526962793,-0.9711282119165292,-2.0473586306796157,-0.20047497053076027,speech
ellhnika.au,0.44874940910853256,0.031329575926065445,2867.9061280235906,2655.477851509048,5848.6229675104005,0.16797252926664086,-247.12773513127846,78.40543474309429,-9.137965320186918,7.636774656746959,0.048840840350131316,-0.9498633559770396,-11.208210064427469,-1.7065260462990348,-10.850613130951308,2.7974834326085314,-6.686077536107349,1.995655260634538,-2.829869658450862,2.6636273838340685,-1.7080859432899012,4.996578342428853,-1.6849660156174062,4.827330479377239,1.4256900067693679,4.218609710285015,speech
emil.au,0.5185739130561453,0.013297426514327526,2884.2568547622013,2838.8204533426956,6331.478381083108,0.1579302619485294,-288.25890622165826,81.986823992566,4.467707466118057,8.072472120309452,-2.1821776102733708,6.666286367233834,-5.324488535363862,3.736921960482874,-5.221236566186233,-0.6612099125067642,-5.188861405276747,3.817597039027407,-6.573368906344507,-0.8958249444158963,0.839363074203804,4.747019635068049,-3.080432184897653,3.9432069929284475,-0.3122623730186273,3.7291163545670742,speech
fem_rock.au,0.374274811382298,0.027661940082907677,2072.3178535468946,2142.546319859664,4057.3004660591623,0.08607506530572756,-349.81717610986294,106.8567839169512,-12.632030506713432,26.20948728350698,9.890182675072204,-16.330401445508976,2.5704010062490537,-6.371044358827111,-9.163400887522165,-2.526044556975304,-3.0031055370098736,-2.7069883445454987,-8.939111701402783,-2.3657998655681793,-2.631550582957372,-1.1339814396696384,-4.190650265525033,1.8649245435572732,-4.215648935430393,-4.669337223906493,speech
female.au,0.32683767336257336,0.05798173323273659,1490.807553185288,1621.642940496076,2716.108576063032,0.07086276122291021,-270.37532633018463,131.8687986091755,-36.23798433182247,35.2097986011629,20.53800860836578,-15.550618516194678,-9.787946357416729,19.107223474639593,-7.722794215206201,2.8439338906968175,7.243738615367228,1.5601661723392501,3.189626576906109,9.97157043672314,-0.38040196427233974,5.911494767049791,3.417920102274799,0.5023044880381446,1.0159258975798118,1.9659824120163942,speech
fire.au,0.4381330994215001,0.04718529433012009,1881.3576205802476,2197.7029652966166,3615.261472341815,0.05836586022155573,-304.2552409646655,107.1292930638667,11.0043797579876,19.677819708330844,11.686570251520038,2.90656500362617,-3.5244769937760556,2.5387587445681707,-16.929549699744147,0.6789457519429831,-3.855702433324936,3.04239828999104,-6.344512348625153,3.4805978665144974,-1.8859053248986475,3.1875132955665655,-2.280800401801502,0.46046531614613023,-1.3539174685420956,-1.4418127498372642,speech
geography.au,0.4100391859770391,0.012099379673600197,2417.7782300015538,2316.477475420514,4776.037786619582,0.09734521635545666,-384.06170919310284,68.54125623914484,-12.046166347604519,43.210970544627045,5.00630581456766,8.497116075030355,-7.634164174621558,4.399457655430351,-0.805567886333691,0.13675139291811494,7.582901803932858,-1.5098362251785802,0.8675054562045604,6.27786432810416,-3.6254627058792916,2.6626687263250357,-5.607688013188739,-0.6652936086295534,-3.0437102349213307,-2.5678040047218857,speech
geography1.au,0.41377395273382217,0.045540761202573776,2375.2253558542798,2207.025266708432,4506.564416088187,0.10758022627225232,-265.29618919401344,77.8190681033972,-13.477052216151785,40.20176335072077,6.446250373250868,6.054742628649556,-7.089797428609575,2.6642580624009082,-1.6350097925299025,-2.3585773725163834,6.710868095219111,-1.8305895663760716,-2.693875028974326,7.3838760779702035,-3.8519407943848223,2.1588025609325077,-5.25475670239072,-2.817948006135969,-2.0786404210207983,-3.2838974565427494,speech
georg.au,0.5035407402561775,0.04988572746515274,2341.268111863219,2437.6745406310297,4831.620783850135,0.10250126983359133,-238.38027643953376,87.33875147316049,-11.258791532436666,18.560171621074232,16.592791516794644,5.142775786271645,-8.97505398020974,5.326208749365264,-2.1794448666564494,3.570838858155584,2.0539894331107114,7.438598772675598,-1.9505694272459517,4.988503393480726,4.9685399565371124,5.286908895175589,0.40667810985523944,9.202092663138954,0.1368786751211593,5.7996242781430585,speech
god.au,0.4071872987929881,0.045753445476293564,2081.5893843785543,2301.6367439351266,4281.924107790732,0.06246409696691176,-252.62620285903213,89.00669069918428,-10.065157456572132,32.16362969819473,12.18737898584763,8.517813521061582,3.4343691781928873,-1.7220329118661108,-13.648983362641928,3.647073208077494,-0.8019649056503418,-1.3132240931579247,-3.0976064736111533,-0.7032884996339349,-1.9048686087610471,3.163156743654123,-4.256210548103937,0.4143199419547196,-2.534980058753178,-0.3096572892362913,speech
greek.au,0.544040392363591,0.04101851209998131,1965.9418127795057,2563.0532283879515,4660.780150233408,0.05566859761996904,-270.8214963478463,90.45584592671662,10.255533521229173,23.588623922724235,8.525145246612405,9.349152815700233,-2.8780984753806473,9.344043887059367,3.8058116574008984,8.65926990054638,2.712805184505376,10.681045477959223,0.4587409597569715,7.275308845312694,3.3537455529545808,10.8327350591765,1.5181544649753982,9.389285957929415,4.445646021435387,4.568846502439305,speech
greek1.au,0.42551098792585645,0.041328322142362595,2683.1892223492596,2449.096718899535,5209.793497091477,0.15409052704140866,-232.26449924082436,83.05654223157792,-9.072696499871093,11.889041289873536,1.4692054583499896,6.723302235837934,-21.56205771353426,4.181817126827036,-9.537120058596996,4.721037329260799,-5.760431879005898,3.251780757044112,-1.5003543470151766,-0.6598454922006102,-4.8489479067271155,8.141264764835604,-6.8514349019157015,2.86766748434676,2.368799538491677,0.29469521717517744,speech
india.au,0.43565776321146954,0.027642875909805298,2523.0162172297855,2634.048205004586,5463.94196029049,0.12324755405863003,-256.23961333299405,91.87278233976365,-3.028903354780141,8.264074402475787,3.2879741706529644,-0.7551884410829297,-10.120094736515373,4.075612934895117,-3.4748792759657934,7.153529972715202,-8.194472307117355,4.8514661327898105,-1.5442929640005454,-1.020278716480874,4.349900767602679,2.712909321554295,-4.542664553752985,5.923493584790096,-2.304337405872578,3.5575533823826233,speech
jony.au,0.3839298259224663,0.045809607952833176,1765.2029424299358,1756.9391902143377,3269.7468949545278,0.08679917279411764,-272.0971914059473,115.43015327808064,-45.31978931874141,24.544829733946713,15.667128592846085,1.3727415078386902,-1.254726130448456,9.011706041114074,-5.180059081756294,3.3758689222256373,3.8683478584803934,6.241459050733852,1.234646168241858,3.3167651432979723,2.87377270069793,5.9966142701666145,-3.7860598414670847,-0.9319841029955407,1.3901881428098644,-2.1384980401922173,speech
jvoice.au,0.414920088764796,0.032253365963697433,1472.299212917585,1908.382278423292,2778.9081963223202,0.048140676398026314,-320.9124669632384,131.7331701119155,11.826746046846202,34.10867143669646,12.823583079085822,-0.10139902256362548,9.974831762302145,4.392573504493756,-1.499182262971128,10.21580605415733,-3.5746049725737676,6.261580549033376,-7.528732869781278,3.869595461525531,0.7036926992887182,1.000551847450366,-4.886078877320495,5.276986459098553,-4.291127835263696,-1.7883827449020588,speech
kedar.au,0.44453245839407474,0.036796290427446365,2661.2881355446,2579.55832014286,5485.175165229538,0.13738352300212847,-237.6265185449354,85.50773756184216,-5.401982446104992,14.65569236090251,4.0523776733291506,-0.8983086448657139,-8.570969088151749,2.271231055359513,-5.0841391606003326,2.3345306148933753,-10.325655698517538,6.032214420959155,-2.8103826448495903,-2.963499441151657,6.1295562858502075,4.248599809859745,-3.6699004646242943,8.28776001384233,-0.6073961305948344,1.2817124587292001,speech
kid.au,0.38276453007548755,0.032068777829408646,2638.9017014938886,2386.411532133061,5021.844633592541,0.12454157495646284,-293.00453076322833,59.93599336615189,-7.799028047816421,42.03251904366773,6.884403594526787,4.913544933525153,-0.3059562142330242,0.42656027367105054,0.33339542163589736,2.473987196259392,0.9313734776790017,6.699454136408277,-4.136856934356673,5.640954333364585,-2.7819096944088155,-4.211505836715472,-5.427930641618573,-0.753818988620396,-4.670055733863963,-3.1912825600211137,speech
lena.au,0.37422730501072227,0.082135871052742,3047.6865767907616,2469.8027307500693,5642.665879571401,0.18609827000290247,-207.86247409403418,66.65857088622005,-9.444572106314393,3.0236427043437315,-5.895429683251838,-7.873148535436567,-9.8279585432477,0.7742777425130206,-9.297919500813068,7.770642712321312,-5.800775382932072,3.4505028702565563,-8.595548787667964,1.5421627873459465,-3.666320887668745,0.09256402052392824,-3.172019774592237,0.5643906780377295,-2.8668406812047302,2.996641611079009,speech
male.au,0.42312813136116656,0.07798455655574799,1779.3814502479963,1994.2344108441457,3500.0121692385837,0.06701697948916409,-232.59916849127555,121.9929643670165,-4.867381642352734,32.12866608593447,15.794420973851103,-5.246002327840821,-3.95886657352645,-4.97783012648275,-12.735423573957554,-0.8292140395780223,-3.180759675054158,-1.1313256614701728,-5.723544393600624,3.187492148880223,-1.8324561367327854,4.845392346742368,-4.321381424269531,0.16162410857075618,-0.3456281370572006,-1.9369550927633716,speech
my_voice.au,0.4625747815267731,0.02326497994363308,2873.7316559664155,2728.8120433696245,6142.462857367454,0.15415250701431887,-271.6672511996804,78.65679791328702,1.9622622061257284,12.520224805883707,3.128576275683877,9.678397899704928,-13.749468062891495,6.206508403455244,-6.317706311888261,5.389179366296859,-6.603044347411664,1.9669730713257918,-4.071802103514516,-1.809428575298469,-1.2375265347500148,4.679253873749631,-5.620163621578789,7.654349881890925,-0.18350613703870333,-0.3715378645054978,speech
nether.au,0.4320105880133178,0.04455036669969559,2687.0570094285276,2469.4384608173555,5339.551045798665,0.14976817978424922,-222.5452335128557,77.81362249009909,-2.3265734479102558,29.246176378771718,-2.45910589787371,1.7318586772355218,-15.777525008313123,8.382413488654022,-10.385231542971058,5.306607766193823,-6.074639675085094,-1.6434878607276568,-0.6703133782151772,-2.0026113035456925,5.079818112558163,6.4451860797115375,-2.2965044339566005,5.1249177171623606,-0.2913292114949283,6.34034246712647,speech
news1.au,0.4380934213968333,0.0867660641670227,2525.9500251728077,2279.3064320897565,4827.879139808679,0.13069081970781735,-138.9393673010395,77.82895975449331,-17.905113129812033,31.37138235782728,-0.8983367543324166,8.316702895322079,-7.876474478802153,4.929150715986503,-7.077622129829097,5.252739117626413,-2.2031052078602755,7.8793416374927485,-4.800113464988867,0.6258262796651906,-2.659081086861441,2.776028946619932,-7.012991157943623,0.01734835982433632,0.27048323689210774,-3.585351926609627,speech
news2.au,0.4213726401850357,0.03316326066851616,2250.0011028916056,1985.2370649751967,3994.9675096446886,0.11892407302147832,-272.7842934857434,88.20920031284209,-35.78283914623859,41.54534895823534,18.91651147850587,2.0539627492665558,-5.707835050013166,6.705174218896587,-13.116698119524955,4.2305801355078785,0.409271350848481,0.29077680973844455,-3.154851625800447,5.013393230785098,-3.25957921707845,1.4627374216384674,-0.7210470550989831,-1.9814068671260876,-0.3372279698095017,-0.4547667704348681,speech
nj105.au,0.3757761754592073,0.02098475955426693,1931.9575753198392,1883.4475092342918,3619.244781588622,0.093130956124226,-358.015188264752,111.01030310750487,-32.03401341961293,32.433711469459595,21.72244022569089,-6.038486368513006,-8.579450009436377,11.279998147577714,-6.587129653831501,3.9922341648578223,7.04058036022042,-0.7816105735225412,-0.02364911908641964,8.246189502535355,-1.7365790192372244,2.051383217617215,0.007242922087543785,0.6900913664476942,-0.6465978275836487,1.2091624188366246,speech
nj105a.au,0.36268656720316605,0.09847191721200943,2139.904328687865,2020.7077403449005,4112.233467220153,0.1002737700754644,-184.5156895051972,94.57345813267021,-28.461748411582054,40.142562106596465,5.681369330383414,-0.16572328102891604,-3.894972065717559,5.40423034614067,-1.6152988384056275,3.057384299499688,0.2813887033535313,0.9477506242659399,-2.8007054200016595,4.368170988210316,-4.0492835333285315,-0.051833558236552245,-4.261880072560402,-0.6058232366819066,-3.910098777807309,-0.23216705364850226,speech
oneday.au,0.40549323595666276,0.04012865945696831,987.380347634329,1731.6139402560595,1860.8887474603328,0.017576235366679568,-382.3386579237352,117.8155576020622,27.88339344664338,24.745387613418355,17.90191245616346,9.018998154583137,4.141674183792304,2.888095264104984,-0.8876834448134864,2.6365708492388373,-1.9946015860369612,-1.4844014112077026,-0.7243232202824854,2.8615671724604708,-2.066533452038551,-4.2598397231720035,1.2916969418769486,-2.191502652888627,-3.0935501432368744,-1.408117223828447,speech
psychic.au,0.409192320476695,0.0809105783700943,1504.0953593394613,1494.4258185867998,2714.208587552003,0.07892355904121517,-210.07929592230505,151.55457266987213,-58.792575005047155,22.0318571930266,19.97551406083588,-9.520534728697019,-7.461928611137291,13.39008258057436,-8.704301661672064,6.941189684295608,4.5438886815922235,-2.7845598156053866,3.678288508682787,5.119826784197928,-4.825180379849761,5.422714563978573,1.1121737810241743,-1.4593555770183526,4.420250480687965,3.3696988222495703,speech
pulp.au,0.44986816170205857,0.03591768443584442,2307.066562865783,2052.214033796262,4023.70900251548,0.14040240119485295,-207.97993301448847,90.4067069460392,-47.69880832925868,23.40116863421876,-0.3233359582567902,-13.501712911229323,-12.836425481778328,-5.6752897068501795,-9.274720499147032,7.565418525688637,-3.616209695010339,6.446879838343128,2.3115573465275743,8.001153354073923,10.89380871921024,9.030598961895718,4.3523627520040735,10.832726389923126,8.171118300245043,3.2736157525052016,speech
pulp1.au,0.4465070706229919,0.041330426931381226,2467.42936321834,2092.438438599811,4354.698667732924,0.16312032882643188,-201.17899694977194,83.50348563605496,-48.43945306725773,17.238987982921277,0.14043068118614382,-10.114821721441254,-19.099863963571664,-1.3256305504919166,-10.303366080649544,-0.9654607920817341,-7.953857482242097,8.20297738484905,2.455578638717646,3.591572062516926,9.774538915988083,6.453031196143401,0.8656460417705668,3.131072380563172,2.737103565205203,3.407632338683997,speech
pulp2.au,0.38592986610032154,0.040363702923059464,2442.634786005243,2186.345282919226,4568.205710018382,0.14959773485874614,-223.73592271029887,84.7223905359747,-39.38845887267233,16.095705985369907,-2.0979188424330246,-2.9272714594284643,-16.70438843306505,-2.9225589654205195,-4.752244113800888,1.0985839443598415,-11.439747157058797,7.188417551386886,-1.912801158298377,2.2502887725021004,10.344811224253316,7.054324911887716,2.1489813197716012,6.466148505262544,2.4874461904082024,4.090306991753606,speech
relation.au,0.36902924121680125,0.06438612937927246,1895.6920564071977,1795.5843985044778,3489.3789002031735,0.09398242489841331,-221.307031870295,112.69794512863528,-42.79625687598047,36.57150857487942,13.168814347970452,-10.720178414020546,-4.789624038778808,12.626618386304306,-4.870070361320558,4.146922388587528,2.176685401861079,-2.4272598244485244,0.9559204176866205,7.8602495309403695,-2.5533145503655166,1.2353223850128146,-1.2774483292311198,-2.0426846131990692,-0.33004096208483596,0.24458402818327188,speech
serbian.au,0.32238154788976253,0.05125667527318001,2672.0277103075755,2355.6818614315575,5167.510419438129,0.1456465115857198,-225.96663077481008,72.40265152837884,-13.845903336745476,20.179720456014383,-13.295691235918895,-5.5706446045075335,-12.162359483478324,-4.623504505239004,-1.8840949655986616,-1.9584737352824015,-0.9066669925741784,5.812602689650107,-7.348866827862965,4.011701613005747,0.7432083289052074,-2.637944938498927,-2.6660561480441793,0.8038070888854418,-3.644486842958884,2.3398379890096646,speech
shannon.au,0.39938643016282394,0.035799965262413025,2784.062056919411,2549.0794390732426,5643.815872617551,0.1372297068498452,-241.9076350270055,78.90093468484271,4.132466464857859,18.676620830442793,-9.422587049575608,0.3438690308150159,-16.570155048806992,5.3435898314256,-0.26712243152497955,5.413729433786294,-7.195625216824667,12.955674192017371,-4.705937914988392,8.163683286685034,1.6630812827914974,-3.495098650324036,3.046524730533503,1.8619120954387525,-4.561605483901614,8.21108476475713,speech
sleep.au,0.4409973128006828,0.016292836517095566,2325.8375495455607,2265.1420280624766,4514.731033372436,0.10103037925696594,-348.4212021045334,79.90162684811337,-14.364629861779472,39.82177357373936,7.897518396949071,5.566128744547985,-4.030396325282025,-0.671480900025879,3.900329234999443,0.8864494130052064,6.655717565828295,1.3060721719056538,1.1094733319753338,5.758816972098162,-3.199978232481016,4.903531842624332,-6.804878238726336,-1.9073233329461314,-1.2086793944665724,-4.8593501469668485,speech
smoke1.au,0.3779868711035269,0.06455094367265701,1976.1541969306477,1989.9456748236296,3763.6855748415733,0.08871752854102168,-229.5436462254003,100.45577240745996,-27.446957287279652,37.05746416042488,13.69527455097604,-0.9109761166665076,0.9768396419084789,6.955860751975969,0.9271894120845554,4.996543464526557,3.683668292109438,2.2622813338022763,2.3017545773950765,6.08777336457041,-1.2900439878543168,3.3170766046453455,-3.20978899271861,3.040812771529764,0.11881189564816316,-3.1327731490394113,speech
smoking.au,0.40271067622873885,0.07216817885637283,1665.5541598905252,1703.990212452174,2990.790248433872,0.07853353872387771,-221.31168942387916,127.39720260767356,-42.413457762521816,25.442136567489232,19.362719416535985,1.7814635237544083,-7.527145000770813,2.0692027963810222,-3.4132427740911497,7.03407022331813,3.2511897696505296,-0.061824421522971025,0.9702851149846425,6.734191301478715,-0.1469572245983833,5.0466531915370245,-0.08704015256308512,2.4821684397867205,1.2082408158628577,-0.48496026271608617,speech
stupid.au,0.392875875645994,0.04508892446756363,2308.9913605806055,2175.162986523976,4373.065223339541,0.10579905790441177,-254.21755332050157,72.51740995737806,-20.773852765790004,43.99834433106724,8.696222085188843,9.053041795723415,-4.217472811943715,3.636832342202185,1.9734801742910646,4.344986735087192,1.967310357797816,2.7872477211609867,-0.9873220179596887,2.401401118752683,1.3099943860500871,4.721825565326632,-5.55383940981789,2.427610271981567,1.8736672060892041,-5.125063693406584,speech
teachers.au,0.40762656612564807,0.06123100593686104,2028.3487572790236,1944.9408990503318,3804.7603264681693,0.09520199424342106,-234.13057648472923,103.22014945313762,-35.09288433234698,36.25057313991824,13.288826463508645,-5.2334894413429724,-2.5590721967716754,9.502896627073705,-5.33884674554849,3.04518387899045,0.3334176649312676,0.15577946835056417,-1.256594373666744,1.233658155108291,-2.171508801429365,3.95772465598732,-4.864173188495466,-1.6659171832733852,0.5280928736857867,-2.859057985819067,speech
teachers1.au,0.36748776231359154,0.06110239028930664,1509.3653790250164,1520.5025505952624,2673.542166789619,0.07261142789763932,-245.30578065047928,140.6127610767877,-52.13521196242146,23.81789646936442,17.355958291896417,-11.435686500366181,-8.158371835371229,15.459380235288291,-5.868206380213249,7.137950403516878,4.575439950479699,-4.205100700055775,0.8170015548629299,6.080623298945105,-6.259854020410931,1.3737809882324614,-2.2322781976305377,-4.7078907230597835,-2.5326845429927123,-0.32938093546377356,speech
teachers2.au,0.3451041734776964,0.15242622792720795,1805.4506880897577,1651.474774828669,3184.4140776170666,0.1057298973248839,-156.2615401838636,124.77946011156199,-39.42010277998021,40.72886346937815,20.81426278545169,-12.974973007520017,-3.1362499914790543,14.032983500561938,-6.46707681019352,2.800663376060317,3.0044302750103205,0.5781974908582572,1.1872281575396788,5.493411783418386,-3.781392907891343,4.8059182455687495,-0.7395139132128122,-2.6076071083197734,-0.08129455728954425,1.74918888686167,speech
thlui.au,0.41439193038347155,0.07035888731479645,2548.983369737406,2275.520386317447,4957.278357349313,0.13990807311822756,-195.02137244731085,93.76589566310119,-22.77181662601207,18.979839053549245,-2.02035054779324,-13.88802898468136,-6.613217903600569,-7.1162108368827655,-6.246049653153293,9.830376415911244,-7.597574074624073,5.015551883234632,3.1597619409125826,-0.8680293017623768,-0.45050152679840777,6.15144702366154,-8.479323345463955,5.248228023731801,-0.46490475545867954,-1.2592888147786143,speech
undergrad.au,0.40348168737679746,0.07798512279987335,1853.6737497435709,2126.767953669242,3442.1458524816176,0.07288391302244582,-253.34878662016374,113.22232144165648,14.346809140136404,19.56046420047081,9.102863757474912,1.6458040614596356,-4.726992482901745,4.427879981050311,-18.53505433239468,-2.6088446765368545,-5.409898268279338,1.7511026533027347,-4.271988026073916,2.9269794245682297,-2.214559343689289,2.156510846129715,-5.249899618332874,2.5543516464854727,-4.150969479854512,-1.257503010919469,speech
vegetables.au,0.3477861365885746,0.07752163708209991,1727.0147453800741,1727.00497667667,3108.92286743542,0.08774209982101393,-221.63369653063907,121.09716213422064,-47.56029572527442,27.57370224359169,23.719592253549276,-11.671847025714131,-6.756313124357839,11.279472962463647,-4.020799299766689,9.851714957025886,3.9669592123074158,-3.5410373393789176,6.1055651589524915,7.579817883391775,-4.970333506988703,7.05842108988712,0.24241682326028158,-3.2048366098416747,3.8617641360873938,2.601308337426305,speech
vegetables1.au,0.35794631810423916,0.07584098726511002,1687.1817491552656,1759.613090257746,3172.647482101393,0.08023496456559598,-244.15115109660505,122.6830949537228,-37.11636235465155,34.486518666976515,22.685606564475705,-12.467411462048657,-3.678479557310987,13.065297908037028,-8.018821048978474,2.7175765664829443,4.673410922084607,0.44900878750720913,1.6473625015407753,8.586726416105888,0.2551424871384634,5.403737070531326,1.2180719888439677,-0.3303950201991867,1.4371950780520573,0.29359094537478037,speech
vegetables2.au,0.3500291622161592,0.050741732120513916,1443.955853270872,1503.946048363591,2596.0343021357394,0.06648599252612229,-279.9246013918325,141.18677604426645,-52.805759715802914,24.11844117335673,22.088656708865045,-16.941393043609654,-8.00676270673586,18.198411586860054,-7.559347666994738,6.529844726680944,7.355599125934065,-3.4939516406787674,-0.2723589466796812,7.432898756065367,-5.315632210613478,3.7615720978561575,1.0656020013171617,-3.412530667239961,2.387333653038381,5.820844411975428,speech
voice.au,0.3707423325289541,0.06441949307918549,1780.4553473708227,1751.4733760570425,3266.213582986649,0.08258226707623839,-240.99475625739578,119.96498716530326,-38.68320643458055,32.01491885060099,17.54929457515707,-9.188422925121335,-7.68571768917681,13.874342305989934,-8.013319572096647,3.0357662086881683,5.713948054804291,-1.461248156101389,0.07542060151747286,7.3209313820078945,-1.6632709658873277,2.6115973010753337,0.7813415297122078,-1.113057599360681,-1.1766556049820027,0.4806481634288271,speech
voices.au,0.41656679127344,0.045776624232530594,2027.365508706176,2123.716858953256,3878.09321636755,0.08645488160313468,-264.47861427786324,104.70102654950483,3.862722525487948,37.744080177049874,13.765272291577574,0.28751286826671213,-0.41508269750933646,0.635286166399397,-7.52087091748167,9.461481232179956,-9.736520349504511,1.5547203691201348,-4.260698541527401,-0.8945186042158454,1.2500069651466796,4.161845439214392,-6.969326388185499,2.247156119767588,-1.1609032357182094,-0.1345967776699336,speech
