filename,chroma_stft,rmse,spectral_centroid,spectral_bandwidth,rolloff,zero_crossing_rate,mfcc1,mfcc2,mfcc3,mfcc4,mfcc5,mfcc6,mfcc7,mfcc8,mfcc9,mfcc10,mfcc11,mfcc12,mfcc13,mfcc14,mfcc15,mfcc16,mfcc17,mfcc18,mfcc19,mfcc20,hiphopiness,speechiness
Anthony谢晓冬-我的世界.mp3,-0.4475033900842439,0.2561432237967108,-1.1671093600875524,-1.0863153449490954,-1.158295344123639,-1.281909704984352,-0.2666653146392047,0.8587768449524992,-0.1936546167326856,-0.13878491237933496,-0.5611555656681819,-0.40912591045659613,0.850085734282362,-0.09489960271966214,0.5850389938778151,-0.4434679167482597,-0.8245580663119381,-2.3567141228480284,-1.7166611966449024,-1.2094668642919695,-0.7529836483485277,-1.3343860860451644,-1.673655170226895,-1.5712794887845953,-0.47831559011758934,-1.9741410567699789,0.00220846408046782,0.07453546673059464
July宇-曾几何时.mp3,-0.30576502792535537,0.28857134904535914,0.025399004483279457,0.21431946000962362,0.12935445977105148,-0.34654500129384824,0.48918247737177883,0.014794156849374792,0.5037055276807909,0.9705484209720082,0.9306493730529062,-0.1791150390148898,-0.4198827634240393,0.37885072106419837,0.09366944206087036,0.4931495104889744,-0.624975299648561,0.39735759030588225,-1.2416348800424797,-0.6107267540814381,-0.48203766542843474,-0.06520352682771159,0.10581586812538168,-0.03903620095082009,-0.5504099319514006,0.015575113584119156,0.005692332051694393,0.6605046391487122
Lama-何处是吾乡.mp3,-0.1792054620388746,0.22393188646119344,-0.8491937649341367,-1.3872309086761079,-0.9148394400445675,-0.13463677829072904,0.13882037799561633,1.3028209826242396,-2.1974086698661157,-0.6778239046863186,0.7190540798405235,-1.1249168097665274,-0.6106771389621857,1.8204611708688994,-1.6788180839072517,-0.5575101027426461,0.7743485457427193,-0.538415053065985,1.7065003847363225,1.0750774771709932,2.2712307041249513,-0.4584985798672242,1.1537346357038232,-0.28937953483167933,0.5937435866780959,0.6475924443731556,4.868259566137567e-05,0.7386859059333801
Moon-Let.mp3,-0.40341198609073964,0.022018675442377324,-0.9542868349895663,-0.6282881383334609,-1.0352843162100647,-0.8798293188896729,-0.07442476590548444,0.8447157215715798,0.8029444062179505,-1.5429490845183655,-0.14285787564378385,0.04924859743089586,0.20909079951436285,-0.6578244925694671,-0.8583962547354425,-0.34269960744934097,0.44715907493720436,-0.6541640837539486,-1.0050412716606423,-1.1551278584793425,0.14806251026634956,-0.6112482301892559,0.20170855902270063,0.2864852151541164,0.5165833606560255,0.36509131628159813,0.001196561148390174,0.029701758176088333
Mroldcow-等你.mp3,0.6461169857120665,-2.0572889672123322,-1.2956518973532294,-1.4930582347817192,-1.0924702680263945,-1.2708106149533802,-2.834085064445687,2.5512174258747216,0.6524531372955295,-1.1495227577814984,2.106699734965578,-0.24945981021259966,1.0255189421545767,1.2943984100693928,0.33411078727745763,0.6164725034889433,1.0437505379946999,-0.412164776070249,0.39184482685265154,0.12403453599485229,0.6499905696374265,0.08605756504225696,-0.6179275339038183,0.5763724550827577,0.029703156071975285,0.4986114032123508,0.0001414190628565848,0.9991306662559509
ParallelLines乐队-与借物少女的对话.mp3,-0.29198156337841175,-0.9903487667085025,-0.14587016950645673,-0.06254757158143753,-0.16590564207638675,-0.2665198069607006,-0.656179700012355,-0.6220552084010211,-0.9875105012824383,0.23464957346821966,-0.47543516317398826,-0.012462459414583472,-0.44959282230175057,-0.056197701391328896,-1.1485500726978368,-0.9594667503413435,-0.5974220909332727,-1.2700748111763935,-1.4604462035652803,-1.0251137764613028,-0.8458548936806541,-1.5333182272486159,-0.7296583446904683,0.15824242920508072,-0.91025540108783,-1.0481634480263842,0.00011200389417354017,0.9431649446487427
Uluhgjon-塔吉克歌手-gulsurat.塔吉克歌曲.mp3,-0.4258884127934662,1.0902968523130188,-0.6172796616631964,-1.0169606657415602,-0.6156030897127576,-0.10573018799962783,0.9031942771603239,1.2129057001697185,-2.463886793385216,-1.1291895138700756,-2.6354706387322064,-1.8435432482060583,-0.21472614332262768,-2.1869953300706206,-1.7944385354556576,-0.9874234513174788,-1.8504222364956724,-0.794308707126995,-0.49741903488319633,-0.6173039204968368,0.1423373649337319,0.04767008919122952,-0.22211463166224502,0.40221623984551086,0.2640157710222757,0.21075787319319614,0.37231770157814026,0.0018473397940397263
Uluhgjon-塔吉克歌手-kuyuwada塔吉克歌曲.mp3,0.8427261697309362,0.7090855189885614,1.4166949945338154,2.3025839560553405,1.963899776029552,0.07039400070639676,0.7604252221163706,-1.4696086400489847,2.0090800378612634,1.0941806622813988,1.8032877250904962,0.8209298042281694,2.3403026350848686,-0.6329496044683235,-0.12524221098549734,1.0384651811936838,-0.20143978689079378,0.8208866408434891,0.4156868260840912,-0.23307693526190784,-0.399139142392493,1.2816603719756867,1.309170450224143,-0.39240312239879466,0.2871834977138429,-0.7271025975064876,0.2214401364326477,0.015038729645311832
Uluhgjon-塔吉克歌手-塔吉克音乐2.mp3,0.7894843010925525,2.8236394990038387,0.6728759392865388,0.155001572174727,0.3943273290566046,1.5442219153726426,2.016973387435328,0.01853852794257256,-2.210965968604739,-1.9909442464740876,-0.4156931119441315,1.0068886195152515,-0.18294208756458677,1.2171518004681847,1.2136736673802726,0.8740517655772501,0.25056847766915724,0.7238809378583944,0.9852906524961199,1.643593966454745,1.0976512023441802,1.401653649096962,1.0036455999272131,0.8132550956594626,0.32872386071402837,1.303165687396363,2.6869415137298347e-07,0.026791328564286232
Y兔-地球Earth.mp3,-0.14061773083142245,1.0729292122349392,0.7260857764317261,0.737035281665397,0.5486826323261771,0.7270122201293672,1.2232877395717492,-0.2645943905901378,-0.5678658532007929,-0.05087596197617101,0.051529781728586084,-1.0178944793831486,1.2839942482060398,-1.9698697244598384,1.496828509267203,-0.16496118860928038,0.4549332897568238,1.1780967393638024,0.47400960444712564,2.2186713242997063,0.7843324346067385,0.27877105720183915,1.6131236891789078,0.7109712813152483,0.9175770368365697,2.3576230777276064,0.08451957255601883,0.003971598576754332
三儿-某某的她.mp3,-0.5457394352179591,-0.9403269858332949,1.1241921303617872,0.688268634163668,0.9676636389611009,1.1881988296094985,-0.2831468597564532,-1.2945475686125485,-0.4543264823367264,-0.053674476270665385,-0.6827362511774597,0.4811691151775019,0.04282768032305605,-0.10756128930591434,-1.1561201854470846,-1.5265475936942505,0.3023896396953284,0.4672454362728427,0.02456970191177641,-0.4673639550857951,-0.829403851101343,-0.538765755232939,-2.340933669535023,-1.0721757949083677,-1.3787399518421746,-1.9511729416277273,4.909495692118071e-05,0.9881446361541748
东夷古诗词-李白-《三五七言·秋风词》.mp3,0.4177381258105859,0.8851746388252559,-1.5364873454223096,-2.012356728409939,-1.4224481185619022,-1.295750175074923,-0.266906185881455,3.1911778545376173,-0.8453885484813359,-1.079112517013896,-0.01791370866679008,-1.2269984643957577,1.5841335643185583,-1.225102868689384,1.674097128114761,1.2717792007716615,1.4338195227581754,0.24009002574760807,-0.5556990905714946,0.2082345608253836,0.03652158478996654,0.1899693406369637,0.29293021865736746,-0.1988180062886233,0.13737569874434405,-0.061532277750005034,0.8486853241920471,0.03565032780170441
代桉-心愿.mp3,0.28911178789494163,0.738395687770373,1.3111246944409238,1.2303257278537463,1.3372466232495959,0.7844558303967096,0.8866788964720422,-1.5410568685881767,0.5465853860870072,0.25715670753682235,0.47546604403310017,1.0928665990380837,0.16610155716088632,0.20599072194857673,-0.7286300527841866,-0.5720876679664841,-0.7647647851539375,-0.6962751949773178,-0.285858101805918,-1.0330499443101155,-0.6651910545393783,-1.2230959899161555,-0.12470811727535666,-0.17384285725419088,-0.12416316429061007,-0.9336542976677998,0.0008740540943108499,0.2699328660964966
何小渝-天狗.mp3,-0.42375480918741726,0.891866273910029,0.10521124312768322,0.24116807241206786,0.0093552869891851,-0.1116515820787287,0.5717272020197769,0.020340993024626886,0.18277711620058804,-0.09180107502502899,-0.30289795726562907,-0.19489373038669094,-0.1316798793837744,-0.3990890675365403,-0.7210682041476422,0.0628174946120329,0.020532259965939163,0.0010432424949873389,0.37480537690775495,-0.3121231576307222,-0.05856390956884826,0.04392812929109918,-0.3444401934933243,-0.4016944234089335,0.47744087251209144,-0.9134706364724711,0.00807085633277893,0.20064830780029297
何昶辰-三十年的月光.mp3,-0.9379902417579374,-0.8406923928815445,-0.44537086258065356,-0.7548293720879483,-0.39531081099846693,-0.2480016612703715,-0.6759178508097795,0.7443645162474922,0.755238220266045,-1.7365267320157047,-0.879561845108632,-0.3137127720353765,0.14334829676747549,-0.5515802023512778,0.17323947753508562,0.5657550339252584,-1.3761349818994577,-0.6559795696069797,-1.3318943743190819,-0.34558892089361726,-0.8534344125215501,-0.8150637739805422,0.24675871141709727,-0.6029876222595364,0.8935423995818633,-0.3629990582300023,0.00025893887504935265,0.03510257601737976
保峰-保峰—我的家乡在广西.mp3,0.7851275214086605,0.3788756953430923,0.774179925012349,0.3580532352824304,0.5833136603282083,1.0292555048610197,1.3117142373454147,-0.3327508053265647,-1.4406714225618036,-0.37111704156549985,-1.1321809545430757,0.20598644169645364,-0.614693360259883,0.8688987280267264,0.23218986419843746,1.2610774777295954,0.5018967629825636,1.0839765035954125,0.7559181348576596,0.3055201568985424,0.08142586127899028,0.5325636994901646,0.7949348992363322,0.7063809913460525,0.3447814642914607,0.827626671159801,0.011098956689238548,0.4615952670574188
俞侃侃-江滨公园.mp3,-0.41918337314410953,-0.27457524173232783,-1.0070564478433477,-0.6157690770775719,-0.7389843006531686,-1.2133145793124578,-0.24279723709597642,0.6550055976382376,0.0022438697118733115,2.651580510406397,0.5713153490485655,-0.5997417596558476,-0.8938458626444081,-1.190923760558158,-2.103377941129512,-0.8766708877233013,-0.9016345290693247,-0.6596762440141323,-0.9059249196021257,-1.5543144546794794,-1.477909643275822,0.7115387291324906,-1.3708878455023137,-0.897108896054629,-1.4214121609448203,-1.1213194217116278,2.197745203602608e-07,0.9774501323699951
俞超-狗日的青春.翻唱.mp3,-0.6323455619760359,1.3946579777487687,1.1093996191619389,0.6124426206063399,1.030495935344376,1.0720790296829066,1.0679476446842455,-0.8941398642858625,0.5140545975012429,1.2032895385624323,-2.165371368523604,1.061230268556098,-1.031213209718012,-0.8504850225307705,-0.1351482482655002,-0.4328484988686002,-1.4501376712999283,0.30367987552858267,-0.17853134534818724,-1.1760816213180723,-1.8813760846871574,0.06876967851568203,-1.1609497566011056,-0.25862388064265956,-0.19792762845044634,-0.5482922016264824,0.000279280444374308,0.09219478815793991
兵哥-你好，旧时光.mp3,-0.7635419073193178,-0.6337463065082802,0.44520452352056517,0.5295744211745831,0.38505228276312264,0.2882497509271007,-0.4643284168574487,-0.8853616450568711,0.08277576116793285,-1.9899221563583531,-0.7499531036578642,-0.39400307637030735,-0.8142589522221785,-1.6115818178850303,-0.8804019652569681,-3.484702957689507,-1.1750205665505173,-1.6076279854683815,-1.4236595136424923,-2.1120671384088725,-2.315862649527326,-2.1702902437883456,-1.2120343442386667,-1.4950721197375865,0.5261479542855179,-0.44398896756714273,0.00043080211617052555,0.2672712504863739
刘丹阳-寝春.mp3,-1.2881510512725598,0.047362437445801785,0.1275844356953714,-0.010251578153828584,-0.008954850776197206,0.19762593822278132,0.19687228118679231,0.6242011816216481,-1.2703947485916167,-1.4805981823504608,0.6724534502058623,-2.1389750788494304,-0.5401718267667742,-0.5680846892122031,-1.0352500623631289,-1.263354969690748,0.23011257227456897,-0.2920653988778244,-1.531376558447508,-1.2457221268609684,-0.2732195306558532,-1.12529962369896,-0.4881808710919792,-0.7121383960959367,-0.658763025414012,-0.29441254784072834,0.0006072138785384595,0.654758870601654
刘俊良KIWI-燕子.mp3,0.5015952540152661,-0.8961718894426655,-0.8017175356356359,-0.06375947021339255,-0.5790097524665943,-1.2832580219035163,-0.9639843219828491,0.5805382921879502,1.3207990129244156,-0.30533444068480026,0.5127642805987661,-0.28376591766644643,0.13534330457570648,0.2309974797527139,0.18921868271411604,0.7463224060475068,1.3339486013016206,1.3032026052512902,1.0461663668554393,0.2612220181695169,1.0997491769568628,0.8402877031868837,0.8866785733423779,0.4486851877676354,0.6301622765074605,1.1632665830176139,0.09022265672683716,0.7935546040534973
刘俊良KIWI周媛-LawsonNight.mp3,1.7133484309672753,0.8342412906127118,-0.5097209969900696,0.09603012428886046,-0.2739866191227791,-0.9506598553987945,0.3783905786154338,0.7248255748431109,1.068280457288068,0.01851205894739942,0.29616518968416206,0.5236005301540012,0.48369820661581486,0.5980989947926426,0.9821681523126269,0.5602649899219984,1.1601739493334973,1.3727093436297544,0.808162614242157,1.2154484156559442,1.1509057828299927,0.9260428600750773,2.1799381849620256,1.3730232167923249,1.1162054016803873,0.8172421546678422,0.6589452028274536,0.024420995265245438
刘咏-父亲.mp3,-1.040280110781506,0.002499150800925923,-1.1510009083521602,-1.2626210746102102,-1.1754719384372785,-0.7945237651923772,-0.36227226428942333,0.6515446677995473,-0.0061614037575944795,1.173063273065066,-0.3893325324396302,-1.1823670088248792,-0.9391874747431871,-0.629056936956268,-0.8264708032761722,-1.1451610712085778,-0.33402423570221473,-0.7290534782035479,-0.6792172403310216,-1.0239788101126877,-0.89546090724002,-1.2206797116552657,-0.6974736807413692,-0.3505499904201979,-0.1497418313334033,-1.4270550372546824,6.302108886302449e-06,0.17115330696105957
刘宏宇-探游(《理想三旬》改编曲).mp3,0.3247888852800906,0.41300342798787687,-1.1308813705657397,-0.8484614337422718,-1.0957374663391233,-1.1313996725358282,0.3528588026068278,1.7629241741181991,-0.49210500921586403,0.4205701953222304,0.32261678882523775,-0.9278952345416057,-0.12498971910065777,-0.10920310905015967,0.594783533396904,-1.3975900579186287,-0.615033539086132,0.05838963233197195,-1.4310635076796119,0.36887779503848644,0.5906556186472414,-0.9565193130106431,1.646876079560509,-0.7821584129048966,-1.0385012937733298,-1.5239091574656876,0.00015644349332433194,0.1187964379787445
刘志成-攸县妹几崽(方言).mp3,1.6134648641482694,0.7868880188452783,-0.23932541776286997,0.15122744341614391,-0.20771628373058784,-0.653910044504586,0.3845937090043496,-0.18081974815745347,0.21601258111612145,0.6669392953702267,0.7190308510723542,0.3835255263161669,1.5000398647773954,0.8348320708599505,0.7922793918929008,1.988574851762038,1.2852229740569519,1.0081296008820597,1.6095252321585571,0.44467330008450506,0.6594898318029042,1.6327439708209042,0.27522372743175516,1.360470403125111,0.8196261373876471,0.48967949696493146,0.9563456773757935,0.4457734525203705
刘震-小小鱼啊.mp3,-0.2517590204081378,-2.0485793405531,0.05310627355887069,-0.2523365051777241,0.013307938557726738,0.22058332405542447,-2.2901591921345927,-0.05533441109309021,-1.4523068044348788,0.06000598810308417,-2.0583303019747543,-1.1327985929986248,-1.4977220829534663,-1.9285362897875435,-1.4496077118781954,-1.3176002045155786,-1.5204871397322075,-1.6534128732826519,-2.227122577051088,-2.3189422204430072,-0.9584416724479086,-2.086355301106274,-1.8766425970582974,-1.4758916921624767,-1.857088236232966,-1.8141408694490084,7.040286436676979e-05,0.9970773458480835
前行-你就不要想起我(Cover田馥甄).mp3,0.98238088707373,-0.008670471165979823,0.16563497677138872,0.09058579728345675,0.2437461180435722,0.17790550048730575,0.5419665062856134,0.30491449967711154,-0.37146482955809373,0.0011611555085683848,-0.0054257064700290476,0.034350794072132235,0.25990975309453407,0.9254249204455188,0.5743252912814015,1.0534596432960137,1.7887650755005085,1.1999840947920077,1.07918966671714,0.989452317516982,0.7658713838430958,1.2307331454255976,0.740647124497086,0.7791453535076366,0.3415575350111787,1.2235359741075413,0.0858704000711441,0.6235460638999939
叶凡-梦.mp3,0.07220164797391843,-1.0101568087485306,0.35025938289419295,-0.03158877704528748,0.18197159382911665,0.6614240589231978,-0.47232131496383695,-0.135177638901468,-1.2261079210885746,-1.0549590373554776,-0.7436591707078878,-0.26794828294128165,-0.6623588165786791,-0.2793805303723182,-0.3078080143082041,-0.9781933291017366,-0.5244795341783266,-0.5307449857290737,-0.1728296605081271,-0.6127694635051928,-0.45755121398684473,-0.1527919813569636,-0.3092151519119089,-0.3904039538402616,-0.5832028187654907,-0.8617613100135806,0.03549448400735855,0.9218055009841919
司梦洋-少年的歌.mp3,-0.01948607368721556,-0.7715019835784211,-0.7714818132339386,-0.7235620074206145,-0.8964351774237362,-0.4701180851855741,-0.6944231027148113,1.0246436849086291,-0.10588174803536034,-0.6058918253350657,-0.12322951573557828,-0.7758328116913816,-0.030450317038950347,-0.1615778342033037,-0.36532410698020323,-0.19424783980010765,-0.478178049511583,0.3263475937210935,-0.4291237403275785,-0.30761586623153125,0.4474954596889889,-0.33692788885547664,-0.8582369333288031,-0.3275214209737297,-2.1500028402549205,-0.7070913006953325,0.774101972579956,0.890851616859436
吴奇灵-想念你.mp3,0.9205285980824979,-1.156260666001286,0.6424891847602717,0.57892133343833,0.6536200372873858,0.48663356540507613,0.0360424481261848,-0.5892871723600559,-0.701492222188874,0.4607475400486453,-0.21896578964905478,0.46712938463923853,0.9913788035525338,0.46225182073965815,-0.21043355053867263,0.7286021482891063,-0.10291983007948749,-0.2207518071266456,0.03827029952348158,-0.16203934649540772,-0.6821369661859369,-1.236197622671638,-1.6808625717487384,-0.8619782156793263,-0.6727688523740438,-0.4228024867760425,0.004997532349079847,0.9276794195175171
吴晓加-嫑熬夜.mp3,0.21052655239213142,0.04503559691621383,0.3188731827149248,0.5509888422432953,0.3382909598364597,0.052484601224615776,0.17436367849313375,-0.17502086105910028,0.2904521570789485,-0.3676634947390661,-0.08340988939853784,-0.05925836798307367,0.24617254544437775,0.725562226067044,-0.05788050797250745,0.6979846554214344,1.0744134421797449,0.9540430269003826,0.4145254583057024,0.45553975649175493,0.2508712466096535,0.9437727113441563,-0.7469738335866415,1.113320896239699,0.9955948107927104,0.08953683704873273,0.3131393492221832,0.8273248076438904
吴林-明天我就要和村长的女儿结婚.mp3,0.5617848416231341,-0.4943023412746978,-1.4119968693834708,-1.373021101529636,-1.3294190194271718,-1.2599603086514704,-0.878761668797116,0.5084978258411367,1.1724744336281019,0.16392643251490974,0.7827917739947807,1.1076732435599312,-0.16323537960486761,0.24919214314496552,0.6621531065634585,-0.06365839624667621,0.7034529284561631,-0.6815793082605207,-0.9137977745041073,-0.6245757071396333,0.4638667069179141,-0.1392922621545678,-0.9970592880845646,-0.6331430326767276,0.3857237780590827,-0.8758895907448934,0.0016369299264624715,0.9286245107650757
吴洋李寻乐-北道.mp3,-0.5275463154191836,0.04631811519457809,0.704449160354834,0.8488598092497854,0.8131783569001053,0.062140682037359736,0.5479693590448425,-0.8629010752563433,0.3461777261453919,-0.6219985811165928,-1.7724225537043403,0.37043717492626216,-1.5590566998865119,-0.8976543663334187,-0.364675367143286,-1.6597213719762958,-0.552259466571126,-0.38121487351463684,-1.6729312655251187,-0.5260299945669412,-1.7281123948411379,-1.1421861387950898,-1.74178655982744,-0.9624330314186428,-2.0533017768304562,-0.2693424434658985,0.5627252459526062,0.9053856134414673
吴秉泽-森女.mp3,0.03676202493790322,-0.5920668001290635,0.46197924204226537,0.49519095719623296,0.5714213940714152,0.33014021864329124,0.10486171777879226,-0.14558286962175085,-0.4330532228662925,-0.450956225611705,0.07190202978164488,-1.2045543156129057,-1.7470984280950006,0.08320598155955243,-1.4353233999471762,-0.30926124244354297,-1.2834835969671723,-0.6643934006362923,-0.6810165011862448,-1.1180683488394303,-0.13880594163284618,-0.5438084026535592,-0.10143655504067836,0.10411714041215883,-0.3374675248875894,-0.012873742541157909,0.023961050435900688,0.9799227118492126
周可奇-故乡.mp3,-2.787332010188333,-1.0943233011175648,-2.0659534588544455,-2.748214463671296,-2.0805448361547274,-1.0913157932112332,-1.9979623190404159,1.1703851462299488,1.2586734204800416,-2.2541751217068975,-0.8398575872127452,-1.2566995952853517,-1.0510413260597378,-0.852381412759559,-0.2960321659709628,-0.9697704086523289,0.10000379624848388,-0.7758802180458548,0.301244736572068,0.4426442163259809,0.9774741057440223,0.3036959439222793,0.9231583689126569,-0.4035979372347988,0.23672794951088108,-0.18686451420790615,4.1244678072871466e-07,0.0008768029510974884
坚果乐队-《告诉你》.mp3,0.9134106253408303,2.319485304047043,1.15613511584661,1.0088783042729246,1.0926091555313178,1.2521416661954885,1.9395805562429602,-0.8712362360565823,-0.8844084948062656,0.06271464523169662,0.28772774006084834,0.22091005166355993,-0.32832350769961915,0.3814262178770885,1.3234155540085597,0.6838272718072009,0.015032472185762435,0.3729025339372043,-0.6774660728450681,-0.03203976506576147,-0.4901140607800581,0.542409990641235,0.8987490488494103,0.8099295942112942,0.01718830452561046,0.2012830179390838,0.6082395911216736,0.09910167008638382
孔一兵-古朗月行(唐诗).mp3,0.9194526148871257,2.1132774285016938,0.3346188139174612,-0.1458550769369581,0.26207962479451197,0.7120223338453732,2.0156371794673262,-0.01674614588933154,-1.824907006898736,1.7982526457538033,-0.9910776571364114,0.859198495885901,-0.09550140699157948,1.1952876543759376,1.0312107207441976,0.7925555648336986,0.9208390376495966,1.2223417183075684,1.5728180025939034,0.19704566173926252,0.004719484929455956,1.6267576995426256,0.06016988512801573,0.9354809373338167,0.6992192024275471,1.2728372665907264,0.002274466212838888,0.02425435185432434
孔一兵-就像是一个幸福的病人.mp3,-0.14383695841076735,0.5046067792724644,-1.3978265497261553,-0.9368915493787437,-1.3639230169707592,-1.285770766618395,-0.15232911103593821,1.1235484455427898,0.9439375225559334,0.873193156706218,-0.494090121039389,0.15961713837162222,0.7656052336506756,0.8204625791544733,0.19691916826621897,-0.21871565273462623,0.5005738116015522,0.11809217253581548,0.8359474576945677,0.8270691402027182,0.30864867806224844,1.10507982348565,0.3050828653475248,-0.8303939431071378,0.5207766075681316,0.279823203237638,0.0002122877340298146,0.026872584596276283
孙小云-孙小云-江南雾中雨.mp3,-0.5713624276166804,0.19881254054945513,1.033891726210744,0.8448528414507257,0.8110094418032604,1.1983700899026417,1.0378488901513543,-0.503695902501611,-0.7816488949993722,-1.4340809082160768,-0.7281555728683116,-0.3768708020875198,0.1591173035932453,0.008164813573474079,-0.17552272894110754,0.7603430482339276,-1.0197907275070806,-0.2841771874160456,-0.37453677828946497,0.6320536406634185,0.16534237001538787,0.317928375015753,0.7961711762945725,0.6601759654176877,0.8284751673182632,1.0526297668670421,3.7597876598738367e-06,0.21112655103206635
宋兆阳-胖子，请在句容等我.mp3,-1.731233736213232,-0.41252125416093277,-1.6550732294859383,-1.7429701789750445,-1.537404230683483,-0.7333319086809374,-1.3234122427880368,0.9545014150057795,0.8674958318001336,1.76289924669269,0.7688218345115008,-0.5286508910210235,-1.131332028798326,-0.8779007943231062,-0.7267576006821421,-1.3466306329563706,-0.7357214645073569,-0.6470253194154649,-1.2389514804033361,-0.8238885438559627,-1.4904665079455977,-0.6071577600014458,-0.37007621787481687,-1.3522712031527102,0.8749201393637845,1.2607139909201515,5.169417249817343e-08,0.03645440191030502
小男孩-在路上(自白版).mp3,1.429053613507657,0.34701254744807486,2.487991326980652,2.6855887415644357,2.7250407629351563,2.8591483970055034,0.7329748351485691,-0.6943837462678618,0.8353823153485646,-3.530915556738795,1.5846536739468833,-0.5047803296965578,0.022886848909379694,-0.8505390180150495,0.8779509239548965,-0.5255826677559111,1.342523526680072,0.8275714784600984,0.5322875498441535,1.0437370567700435,1.249193727788147,1.0736678880407038,-0.3742607856710502,0.7633033811732447,0.14925895754243013,0.9189411884353531,0.41339394450187683,0.9973893761634827
小非-以后.mp3,0.043746634055036586,-0.3864122135992362,-0.3678847959798136,-0.10983544729832659,-0.2611683975842231,-0.5355394493197189,-0.28303192051792336,0.26787213938668436,0.43832931746107573,-0.2210937420134467,0.422334074204195,0.23609400198699412,0.9190290263363237,1.253819304067277,-0.8262590384011622,-0.23831915135385565,0.15113524465498618,0.43827972242477237,0.8026601745761276,0.0446247594753746,0.910680662975276,-0.019783721332301142,-0.6809812621375144,-0.7734540284142336,0.26006749090015857,-0.36259689331528966,0.003603249555453658,0.7929736971855164
崔小新-孤鸟的歌.mp3,1.0053646706908284,-0.1667873562565327,-0.6800440431796662,-0.057965803131391117,-0.4805262368345353,-1.4643395142483255,-0.3369075010970099,-0.09919909798402138,0.5871396320031452,0.8002819028462255,0.6962877640311089,1.636188350969564,1.8534590177097892,1.4599567998124439,0.7622365013669624,1.4348332658016476,1.1433744534283181,0.726319913638876,1.0733016534379745,0.8608508677231611,0.6993859513110126,0.47880438293003946,0.5439357585889438,0.14413468006018504,0.055363375072997406,0.7911186808808602,0.0021912958472967148,0.18899224698543549
希温妮-非要.mp3,-1.3538188120917396,-0.4844515329518624,1.1620812605507707,1.4983596356230438,1.3378089917903728,0.06319291307485922,-0.3050186358238782,-1.8002308640716096,0.7730303108329633,-0.1256585119351859,-0.44251812103873944,0.3067384157434953,-0.23740247709695797,-1.4331692643385265,0.25707406426834456,-1.0444426825354858,-3.363553994958001,-1.84858850675382,-1.7620253877880145,-0.7915514237140066,-2.3292299330875266,-2.1946537581959262,-3.246722977149991,-0.9906075745224246,-2.9720156765305683,-1.3241145391516569,4.495936445891857e-05,0.9426918029785156
廖伟志-我的忧伤-廖伟志.mp3,1.5002131560946683,0.5006740841218854,0.6173637693801078,0.7569831344615031,0.6905147973196232,0.0724421068112396,0.6983749984555562,-0.2075573487551333,0.5496298001405657,0.2921065897186153,0.34705274252912177,1.0685849403430199,1.2632769009333862,1.1514979295564605,-0.04182068883136261,0.9821077949978094,1.2456049007753205,-0.038251419768577516,1.1885670208995924,1.0061974146638244,-0.3831589943964143,1.2014666728520218,-0.07746530265479241,0.4746345471165731,-0.2606827105055686,-0.05599341413491151,0.30237042903900146,0.6685769557952881
张义彬-别了军旅.mp3,0.6208125694437485,0.15111649288759357,1.110347921884484,1.1359803270462043,1.2682647036001646,0.5720511514322115,0.7277612238006183,-1.1667401264878239,0.6260931006942618,-0.5834052430277792,-0.044278993675713606,0.9026163437354698,0.08295266016036133,0.7614465526414106,1.0177335319459597,0.22836542392444442,1.1566570780907177,1.5040106965192228,0.6264260000413525,1.0626967971317454,0.6187786113182154,0.8358538434168842,0.6676159563094219,0.9688143868330629,0.7093713876692457,0.7193671982442174,0.7290078997612,0.09558812528848648
张博远-大理.mp3,-0.8623638398688299,-0.8531467477592981,-0.43930870063999666,-0.9643806330981042,-0.42494546046580517,-0.01892073115253972,-0.8893352536840106,0.13909617171073807,-0.22894730635741228,0.45349167878367386,-0.07651319118342778,1.2588000622776927,-1.0662309906474539,0.8287745103645403,-1.3392010274831252,0.07082391753754697,0.035911536079681415,-2.1715218874530713,0.4937194770441599,-1.2033188529084504,-0.14369031952179215,-1.154811184957268,0.23728911545132728,-1.2813307596695969,-0.3324859224222987,-1.8463117568829883,1.0656067672698555e-07,0.7513465285301208
张博远-晚安旧时光.mp3,-0.8744006710258092,-1.8092694147907848,-0.6652794367299169,-1.6793044132059576,-0.8616972901782994,0.6684681332289569,-2.0447275978824955,-0.06219357780104921,-2.115786938041554,-0.9110451856027012,-0.4956747106009342,-2.4581086893681356,-1.6519507904985555,-0.8407823050148183,-1.0061217793102561,-1.5671548794029226,-2.534667814929097,-2.234045352408741,-1.184408905082824,-3.1482511842662597,-2.1423476065506546,-1.6736680851111136,0.046842741600893585,-1.2221260440358872,-0.3371583344008751,-0.054283661241781404,0.0001694083184702322,0.41497835516929626
张天翼-勇敢的心.mp3,0.9089828462673962,-1.1389636480924104,1.123546523838407,-1.2639150170911537,-0.5976736346954088,4.849810071227038,-0.4854699830867722,-1.921206270734872,-5.055164984915722,0.758601075156409,6.009397114772539,-0.13325355303945666,-5.187175235825738,-0.07987625671234042,-1.0206639960665398,-1.1042491855809762,-0.02487802721374622,-0.0413701279497852,-1.3451405373350291,-0.8461826901529498,-0.8925791830871656,-1.6247405981799605,-0.9243405326351701,-1.1214945119172006,-1.3588003720327113,-0.5399775442651494,2.4674259293533396e-06,0.9999997615814209
张太极-黑潮.mp3,-0.8334332759913955,-0.6124745154316344,-0.7000246254185154,-1.3364315296343163,-0.806620872448108,0.1807197247184047,0.08661789689160683,1.2487829421517085,-2.699637507902756,-0.5490877403111818,-0.7617225030955533,-0.3500615165980658,-1.010064829935046,-0.21342352250963734,0.19886072815385747,-0.7970259858552193,-1.1272157522076258,-0.0652548649432053,0.8034340998701521,1.0462655890890615,1.271921661513538,0.4675372332952773,0.3757414702565062,-0.8106983660689102,-0.39360741829414314,-0.07876732455578882,1.3165748896426521e-05,0.04936850816011429
张绪茜-诗八章·其一(穆旦).mp3,2.492704980331766,-1.926034620627285,-0.8268042811578842,-0.7888413688915468,-0.7361520225670073,-0.5435123932925197,-2.738887676092864,0.04599446480337097,0.46401016622792013,2.104971494135162,0.11648484189819441,2.79416277693666,2.718824312278392,0.18486344318140527,3.0295498503118115,1.254951972994309,1.3194849658795977,-0.48849202663302616,3.0271964985981223,0.6067190775362417,2.455849370600108,0.023910490527053005,2.4716068937918987,0.2103867066301076,2.55773560099569,1.8868032006691717,1.8997665392816998e-05,0.0048566111363470554
张艳刚-送你一朵玫瑰花.mp3,0.9273582867275104,-0.2802370727121596,-1.20566498546409,-0.5949765770564159,-0.9674681859400569,-1.691500663057155,-0.5392266105599981,0.6071633481434715,0.7708198976062509,1.498291722086489,1.2249311109754197,0.7160559031599337,2.031728134958639,1.3468478025756316,1.2565472866836054,1.0993171057785698,1.5735401297391007,1.0374764533670613,1.102991495339733,1.0868424013159743,1.4749815851804478,1.5105555191811855,1.4002925455863708,1.2593349093676502,0.9249042293264852,0.9721333960571682,1.0607033800624777e-05,0.10908807814121246
张艺霖-兄弟懂你.mp3,0.047832652713468926,1.8547230231488945,0.7774992682819719,0.6974610127277561,0.6951284582019689,0.8168322092563023,1.7258312529164543,-0.2621948003214294,-0.22383859913063653,0.4456618614244757,-0.47765326316821427,0.02020593616869319,-0.10777702609005213,0.4847313725847567,-0.20756253694269308,0.19511975045663288,0.023087323396506043,0.6714636492923968,0.443637325816151,0.7022504553051829,-0.3712475008596353,0.5992690103267844,0.5926441462738234,0.7561029661801202,1.031236840108363,1.0069212348519785,0.06401866674423218,0.020048055797815323
张蒙-雨梦.mp3,-0.2405924110082446,-1.1846677568702815,1.1320154345820592,1.2393060482637561,1.345238494829979,1.2335501254970647,-0.5692603607256778,-1.3242539328141951,0.2165688989631679,-1.0529544377948203,0.5395118403846468,0.6370392398139227,0.4311890482756545,1.3118564502736971,0.12128402419290686,0.5624958736094069,0.6443373460329963,1.2577075325395306,0.2647445028293934,0.5466497822343879,0.8916855660325245,-0.8508087073745569,-0.5627695279515392,-1.041139172987253,-0.7050329031421279,-0.03191920544510138,0.0016076973406597972,0.9633641242980957
张齐龙-老张.mp3,0.20895298055562048,0.06079221489750671,1.6449543816249514,1.8401120271223081,1.844594947824754,0.8519661440944625,0.3539894404888181,-2.006197383019141,2.2948478930457266,1.1620290761792773,-0.5611941133225524,1.2648799144715472,1.0352291724695306,0.42613647833594015,0.5283545008954952,0.5677192804468768,0.04495894349258346,0.0697594596888424,0.35206739285474153,-0.13154353041519817,0.2607274068660358,0.7031939404275632,0.2981231794282423,0.5073132679045902,-0.3999631906347926,-0.7127276504257567,0.3975317180156708,0.0313262976706028
恭宝南锋-这次真的伤了心.mp3,1.1887864793149487,1.02394474060809,0.2427906496157106,0.5119882560152332,0.6612099168131048,-0.07097497746695203,1.245498216356725,0.010382878709865366,0.10569008315823174,1.5137964907466714,-0.5465713588865322,2.1069804127441745,-0.2745163120961988,1.1249190158387643,0.9598479859843764,-0.4429337592368373,1.5019471159436075,1.2481030023359823,0.643191527577914,1.3954350648462965,0.9370900086680833,1.2811892990189668,0.3209291600961177,0.5633632429690254,-0.36263671697274896,1.1565922605537922,0.04621005430817604,0.029331060126423836
拂尘乐队-拂尘乐队-来临.mp3,-1.648088613164235,-1.1353343575921044,-0.38326043808503146,-0.8671084216693475,-0.4176554602656278,0.5350527815535158,-1.406109887554208,-0.472890676154428,0.490176233861383,1.075737101579651,-1.7597378001327957,-0.812876299389054,1.13831598936092,-2.530612879302254,-0.3048083634574384,-0.7188184570810784,-2.0299704698500403,0.3730061271165146,-0.594978771694843,-0.7065516762893299,-0.7433887025505901,-0.9870978264478053,0.21532766279073562,-0.3593935727367617,0.198005191036063,-0.38216655745851025,9.790170452106395e-07,0.046655140817165375
拾柒先生-时光说.mp3,-1.2895141250670394,1.1195410742608696,0.17994844196308393,0.542724128937908,0.4355018777492702,-0.29863528352700547,0.6589252835648167,-0.18961500252114494,0.3316121729086118,-0.7607715466817697,0.1549708116538011,0.03885446301389371,-0.6144358303754137,0.04184535990562662,-0.4419491549688646,0.3173347904615516,-0.5219198790750719,-1.2476081699846928,-1.1606672634859507,-0.48885525450351697,-1.0647122147337953,-1.6152149797652322,-0.610025791123133,-0.5530400659093833,-0.7180232947466233,0.26890442115247,0.0012744995765388012,0.04750631004571915
拾柒先生-灵魂的一隅.mp3,0.6138785661371399,1.5513705397743522,1.440602822507642,1.7685122654615286,1.8253331372467136,0.5332949709408071,1.4524832885332635,-1.1129252284415299,0.7191088173494794,0.21460006530509632,0.3657861876119722,0.4700251157306693,0.13894139601479896,0.3723926017788023,0.5594313295872803,0.8927937561145841,1.081216476200362,0.562876618046638,0.8204305661719892,1.3740483794325071,1.1784046580764214,1.2812584134205873,0.39045030861171687,1.0788440199985279,0.9561874449531638,0.49738575748823843,0.014865157194435596,0.024740170687437057
握蓝-一生守候.mp3,-1.4772067873574908,-0.6110142113788809,-1.041655193755642,-0.8789221784226184,-0.9497125951854059,-0.6969170136873795,-1.1070801445451162,0.22740632949694634,1.1729234613909223,0.3095951957464112,0.4549746380676457,0.3067333330812014,0.9703605494165218,-0.9209275815546866,-0.17902486078257257,-1.488263871788214,-0.04721504246419488,0.16784335232989417,-0.6041285264271551,-0.3294025736088536,-0.2750570620125923,-1.328837329250787,-0.311686531864361,-1.2932621993865208,-1.0399724564821038,-0.20073524849535168,4.269733835826628e-06,0.1176070123910904
文艺青年小磊-你内心深处的感动到底是什么.mp3,-0.15113271551481297,-1.3860420739847197,-1.3892908037072054,-1.326008039338434,-1.2346883781343432,-1.1090817789512,-1.6716691020296879,0.5698814446006046,-0.489426693800488,0.5762859042663182,0.012966880982024608,0.10801607354248188,1.3955885417295741,-1.011547049873066,-0.3087436859826015,-0.6729718706306493,-1.2605019315860444,-0.3759540882701621,0.23360263573377685,-1.8499314240890508,-1.7981380238351872,-1.8765207733115177,-0.8083226073290404,-1.3231516565707846,-1.4479371874882172,-1.701778902173069,2.0446152575459564e-06,0.5396727323532104
方剑-只有你.mp3,-0.8782184750557962,0.32847804212133797,0.27981564718614976,0.707998366449044,0.4667434195301347,-0.09623547384221047,0.13395098671052877,-0.781650246393706,0.9633958692351783,-0.4579092052972373,-0.951821999305036,0.43942754438942433,-0.8286897518589098,-0.7565535423385014,-0.5737604563366476,-0.8784354633578442,0.08297259133435086,-1.004273431071376,-0.9799509826198587,-1.2580553210515755,-2.128219230074559,-2.1991670605466402,-1.544978654103758,-1.201820339343748,-1.892735460592765,-0.7274154740244994,0.13583023846149445,0.24174676835536957
星韵童星-月光.mp3,-0.0947148639404256,-0.6658552786089933,1.5442457728100165,0.74138512713684,1.1002293284111617,2.2321607468762927,0.016128216042055124,-1.4934831405424716,-0.6719189305955201,0.3609442983176432,-0.7866275457726979,0.5558934715305225,0.6287222822145846,-0.4482738900357317,2.237317206893603,-1.0153957220040633,1.9500712842827284,0.5930784703155846,1.424001337429281,1.115463443125128,0.8843022346074998,0.6557191262908026,1.0561513111442664,1.4566307912614398,0.653762652022282,1.4446601736319638,0.005061929579824209,0.043471116572618484
曾寅-南乡.mp3,-0.05002586673066588,0.38948895241602566,-1.0719514891356139,-0.6880257480089,-1.0285424059717474,-1.077891213553479,-0.06454120463527088,0.8424909909603829,0.4412259336175435,0.5084523213589404,0.5341659860222229,1.608090545914373,0.39834015546819734,0.09912099905604946,0.5622045302583574,-0.13294679609323778,0.7760467665586229,-0.4296072580426662,0.4127574614706798,-0.4156922996570515,-0.4582412253381878,0.1538814787044405,0.46176636514045427,-0.20578567569698236,-0.13968872907394406,-0.9149044696584152,0.00021247370750643313,0.07708583772182465
木永心-请你不要和我一样自由的悲伤.mp3,0.6228557725579222,-0.32562707278275255,0.13271807624131518,-0.06960557468073961,-0.08327709022390302,0.5078953503648215,0.4075354058264455,0.3713004843712612,-1.1442021713008363,-1.3579000170303919,0.1254169369621539,-0.1954776594632194,-0.07380006188605526,0.38377449848607886,-0.17273891776954153,0.39542164142636593,-0.03945188956610421,0.3394691020344218,0.4705288977879163,0.20292548052494375,-0.16171482650309033,-0.14345711642012368,-0.20634533907458052,-0.09581740991096947,-0.06763104884153567,-1.2310321909516413,0.011733810417354107,0.9407801032066345
朱伟老师-恋练有梦.mp3,0.10592491507476579,1.3778767231383295,0.22861665084807753,0.1443394881924405,0.2518730918494362,0.10205312934622146,1.031023817966635,-0.6153585550700547,-0.7185662925858939,0.7620780754131099,-1.19345299791353,-0.3633830900098788,-0.6159467931589412,-0.7344361101474176,-1.2559927462078075,-0.29329309930589403,-1.228381231677609,-0.5581216087456801,-2.079221270269334,-0.9539553865663514,-0.36936891650536624,-0.2630795137857471,-1.8023299049914812,-1.853108332231502,-1.6725267223488531,-2.5455687654475714,0.002429863903671503,0.9372785091400146
李泽国王迪-未曾走过的地方.mp3,0.462621407959242,1.851802168973111,0.4092101222621551,0.5347422309709703,0.3570167528962952,0.2368139614443859,1.3140080165748604,-0.5937343921417281,-0.2562106455631431,0.7011502448596705,0.23152588258972912,-0.17487248363657382,0.6867237140873206,0.5048170211310041,-0.26346397560977264,0.5139981704164521,-0.17243217256033694,-0.19290193456092333,-0.5364634360356689,0.09929027109601339,-0.6940831778276397,0.006215492124700648,-0.07931218009628437,0.14393938197467002,-0.11460302524316376,0.25535347448845047,0.187397301197052,0.1267976462841034
李磊-《民谣狗的爱情生活》.mp3,0.2610170941465562,1.2175412684396156,0.640015392635002,0.7328592515349133,0.7104239100331822,0.2360353623748339,1.29195672580905,-0.5856804611548058,-0.28216325391623254,0.16583912116134716,-0.3101625386071249,0.23050315909181956,0.19589635984497822,0.5920851743981478,0.16062310642628735,0.13198269674031407,-0.3063869340208071,0.14842105541338932,0.1302168109230149,0.763907787128664,1.2497323148063026,0.25780492540559935,0.3559562801682489,1.2147438073704515,-0.03972258407160874,-0.6507324087973821,0.05304781347513199,0.13197822868824005
李遇-小雨.mp3,1.0436626752615075,1.1162927005477676,0.6911589390330801,0.6325775804308881,0.6429777136408421,0.5146495542031138,1.1685917031880526,-0.3748874647048787,-0.30113625602079075,0.9501271031725237,0.7277335563683854,-0.6087554272348452,-0.24867606814956997,0.28487086986799326,-0.000857784702371775,1.3342173743689243,0.4859557988134801,0.8968498913277232,1.1221884395080917,0.7981713994117562,1.5269926553511035,0.8927087805005143,1.242082169406916,1.4571875227729087,0.18853767807592853,0.8131730064395519,0.002187982201576233,0.31086450815200806
杨小烘-一个人弹着吉他.mp3,1.146683916051945,-0.13028627580000154,1.4727432185941056,1.2346709615541667,1.247386059229938,1.2882274041978075,0.6813283032582353,-1.109306113334087,0.0913369404586814,0.34985419707304705,0.4298912679113722,-0.5557070408853331,0.6362686492476962,0.25115209603096755,0.5552065702292923,1.3949043989772365,0.17516785469765628,2.2955178762927417,0.9996301269867327,1.4324987383342487,1.1287815022049388,0.9039876979376188,0.4317688801709345,1.2662003010874434,0.8072546382802831,1.1244025040816816,0.31281232833862305,0.8256090879440308
杨智翔-奈良三叶.mp3,-0.041280603672389865,-1.125328648030545,0.1629458967189991,0.04815885735671739,0.20401889697864345,0.3304474162518257,-0.4430361714057705,-0.015205817533251413,-1.037711558440083,-0.48387616165233116,-0.5111385749611285,0.7134146934957291,-0.4720758244631022,0.8952344091391122,0.12265176382491305,0.2652428789926619,-0.369991483496379,-0.32686883213005213,0.23505251146572143,-0.16498600245724251,0.5244954355985796,1.0843828620074865,0.5799664374782217,0.4077297006906314,-0.230843491144277,0.3740208060912342,0.0003868157509714365,0.8028302788734436
杨棕-妈在家就在.mp3,0.19756096941279158,-0.02218120573847942,0.28028852043039176,0.4728627572193381,0.338053776880217,-0.3871270983579759,-0.10268397036316676,-0.8471203982315261,0.28810683264532033,0.5685605699268735,0.13813424324157905,0.14841818103348076,0.03207544431233732,0.17980872812905077,0.005183700281900915,-0.17874039053843183,-0.1297234394201815,0.003182176677594131,0.627663037205962,-0.180780303692632,-0.18327836951935583,0.14956125866773157,-0.36939289086876337,-0.15965445688923224,-0.40885186029750065,-0.6595586111215475,0.6167985796928406,0.6212839484214783
杨银歆-遗忘吧九月.mp3,0.28886315374966137,-0.7346129733318204,0.12026183358293023,0.0023569721409893896,0.10131356839104595,0.4885217919346083,-0.44965160664258114,-0.1494821539485704,0.26664069888222414,-0.46890861284624846,0.21964374720281996,0.7210329189778336,0.4394143654744259,0.1837353281455476,-0.2006199313511946,0.32596213814884667,-0.024353216461475685,-0.1324842409263079,1.252034571842603,0.11381249924390036,-0.20784343990633944,0.5061934854132739,0.2955899866641171,0.5437741128448864,0.8279551311244463,1.0246008363626478,0.0005637867725454271,0.5961773991584778
桂雨濛-关于现在关于未来.mp3,-0.24774702321771247,0.4770877560294505,0.0739970627306754,-0.06602536451217593,-0.008710823258088755,0.07857156200014707,0.39833603129906026,0.3458722190838319,0.18666995599842665,-0.3544774732971854,-0.5184986528938527,-1.1137279591730924,0.5216811277555831,-0.8135895904759161,0.8473449246679584,-0.012311153217986776,-0.24558534008994845,-0.26407332683656526,0.09681660738569299,0.2195877585047248,-0.09060581486933915,0.21833573062697584,0.5613443490126687,0.5470286806434328,0.6982362052512158,0.9715805346249359,0.11222182214260101,0.03183574602007866
桃金娘-上层建筑.mp3,-0.21159489094592723,0.1752072650457704,0.17931935928412596,0.2945857142886338,0.20601066069798157,0.08792248048404125,0.4433793674574693,-0.4200556599179248,-0.5495909159278723,-0.31505560503174146,-0.28918150133639986,1.062990666195343,0.24947005189171986,0.13249138161683988,-0.005279495539565225,0.7917085509646401,-0.32296211335933,-0.8781168240680265,-0.48842571587088085,-0.5921310348823753,-1.5175588081686342,-1.4232240696061735,-0.6971532677900768,0.30146613849000986,0.021959299724193266,0.6943159902691632,0.005721892695873976,0.1026916429400444
江湖岛爷-我应该是恋爱了吧.mp3,-1.2380432630181712,-0.7388941039931755,-1.0019148529142545,-0.6235463227058656,-0.9207571714644239,-1.2986630010845353,-0.8798182226405902,0.2703593719966041,0.421376057816693,-0.3380510896179715,0.2578741669319745,0.042372663434179565,0.8577234414185458,0.36758401992097767,0.46420616579382606,0.9639110875444326,0.19584997723169068,-0.8018179644594426,0.23666243196621428,0.48423580559520213,1.1243425752993736,0.2558199758930397,0.18704020140522143,0.3027010278694357,-0.14764639613129263,0.2663997793368897,0.0001868082326836884,0.14282071590423584
海生-我的老爸老妈.mp3,0.6147763222077829,0.24713655955559677,0.6600145642536902,0.9908778925772613,0.8020489843652343,-0.08407768618039017,0.4687023607252752,-0.4957579915642241,0.6174192830216803,-0.282332844944854,0.28952237357977795,0.7281096210020297,0.7904581172955297,0.92581062248534,1.0435443831275988,0.8727506874929041,0.7874647609049997,0.4369693021383602,0.9961442717530511,1.2536859518623205,1.4004941454456463,0.8786408084478274,0.5230618789584263,0.7067222071455483,0.9495363335199194,0.6452763161033258,0.013547874055802822,0.03779996931552887
滕海英(紫陌月色)-火火生日歌----高峻.mp3,1.3279653853961038,0.46973837509700517,1.9521814072583892,1.39155155620407,1.7990927383080506,2.13807013312601,1.0908793586967236,-1.9896251495127468,-0.17615583103069218,0.6242406120569328,-0.2816130981663504,0.5137880586102602,0.46014997001403357,1.4350015046747844,0.33103922228585214,1.613976390333404,1.687907140687576,1.5606036815187163,2.070699853996212,1.3000938207602861,0.44512796823736944,0.9441093164373036,0.8641203808433536,0.727604217206512,0.4046496186826048,1.3377880456163258,0.0019969840068370104,0.2122139036655426
熊心-迷途.mp3,-0.29671231555475913,-0.2701134954884098,-2.0412198544643045,-1.782798694238176,-2.0750990241807923,-1.8555510838314064,-1.457620680640048,1.68840256412736,1.864916659750301,0.2809810498543977,1.4452328467461808,0.5973642917512262,1.039427929080542,0.33731887675947864,-1.0279532825438085,-1.0813859195200068,-0.6942762408744361,-1.2560723830184868,-0.4504870220016023,-1.8883970496921862,-1.0892339846745716,-1.4358012719974482,-1.712733188999608,-2.0424090224885876,-0.5397207945385767,-0.762407008079174,3.202117397904658e-07,0.7277129888534546
独立音乐人黑白-那时的我们.mp3,0.3558516890143512,-0.8610400670367786,1.7770642375390968,1.6059761238263153,1.897941496726402,1.10852150762052,0.3201150530406619,-1.5687568760810902,0.22903624887082838,0.24421073999439075,0.395949192396931,1.6928528543206902,-0.6081069062396248,1.9497366959802034,0.09959159126121057,1.3078667233561503,1.571993887719698,2.293050215476674,1.0194373055598298,0.9756897138116253,0.8587581033224365,0.45436602634551965,0.4640729103020391,-0.0798487207763348,0.01905879183951789,0.4407169144302751,0.002671654336154461,0.8885970115661621
王一-大美运城.mp3,0.2772001876563407,-0.3591109625504575,0.538134289881234,0.8311953421869877,0.7426443502269582,-0.06900498505207146,0.36244150433264066,-0.22709296823581288,0.5718593176704386,0.4373864549183406,0.9403447171217982,1.2106828018403792,1.0865936030433623,0.8985502341251824,1.0771790878833996,0.552359977904351,-0.27541386485561653,1.0027930392993734,0.48030090521363256,0.89994270415126,0.3164926510131088,0.8226048948457644,0.5707218391543631,0.0906024780750302,-0.0981438528878456,0.8431956073889839,0.0001723517052596435,0.05334041640162468
王一-我不知道为什么会爱上你.mp3,0.8612264451212315,-0.14369932047294084,1.6917737327961344,1.624030275411261,1.7193788381763666,0.7392808886322628,0.24722824236256583,-1.7721247875804955,1.285006539027449,1.5829218643981129,0.43033711262491653,0.33677847239158754,0.8080298365248172,0.14434898582121514,0.14438592652186633,0.8282560029092005,0.14683611846361688,0.679146746317877,-0.0108207519100224,0.2846008827926343,0.23400623534643902,0.8872082639950095,0.846424323135839,0.21504254062997868,0.29253475103095405,1.5546243801039092,0.0550168938934803,0.1356837898492813
王咏维-他本不想离开这里.mp3,-0.9056216149738829,0.3583925595009359,-1.6486350334067255,-1.0980885808088598,-1.4640411278572876,-1.60099031292564,-0.7526920395071294,0.461225370057601,1.1794865435990032,1.075275176510612,2.5433256638787314,2.1893182805600837,0.7016489828900339,0.10070585852013493,0.5355701766772913,0.09463684258817727,-0.0210330955370133,-0.6537489701904656,-0.24329879651589026,-0.6955042682394348,0.3988841260174142,-0.5371154594649501,0.029624583266259205,0.3955334029073933,0.7580463598372081,-0.8840177162895452,8.820769892281533e-09,0.08667296916246414
王晓亮-盛世长安的爱情(王晓亮).mp3,0.32932324828191806,-0.8708806634431612,0.7774141910588459,0.7437747197353518,0.792506578594896,1.0778992786520685,0.15266519448179935,-0.7463154096938874,-0.023426086311352505,0.48537050088019307,0.9289559586899652,1.0549385510948535,-0.030814218685485836,1.1377247506246162,0.1645050483060371,-0.1972378230501731,1.0061572491620188,0.5570508551460407,1.0439380441687724,1.1106601805854623,1.3006976512986683,0.4959215257799892,-0.20441633336591958,2.044691763581535,0.24249814951796952,0.535331489026279,4.246092430548742e-06,0.8845803141593933
王渊超-蟋蟀.mp3,1.4016859115299847,0.37221014370757216,1.420614887773678,1.4373837985378008,1.5499279926095553,0.7132527336762171,0.9300706074057542,-1.7362789559818492,0.6456709278441998,1.921800738129574,0.8018497595835625,0.24104091182708592,-0.7901038895220378,0.3145016017904081,0.4365453852208847,-0.44057592504244086,-0.36345412586550163,0.4597571811312768,-0.8327867589476903,-0.873009314282793,-0.7496715573615017,1.1335856941337077,0.6737627935328298,0.954526746147727,0.46580779161024843,1.46632117237035,0.5817835927009583,0.7285499572753906
王耀-可是现在.mp3,0.14620846859088285,-0.01611778806826191,-0.18582795791181306,-0.049162377760157513,-0.2200833989932621,-0.30824745525372743,-0.11255256726956206,-0.33565038247404894,-0.31997903930108734,0.1582222638080278,-0.3261312100655311,0.17980111414509745,1.0609552089409302,0.1943223782510725,0.5569637241031968,0.16159040936717275,0.025341175268145062,0.35495192388373475,0.664177209121638,0.9809009658488584,0.028768715783092716,-0.44339973966464297,-0.14318670772990427,-0.1098447002835818,0.005629488687996499,0.23316006084919327,0.198642298579216,0.2183915227651596
琳大侠-我会自己走.mp3,-0.9942977622065946,0.5122359421086895,0.027944233100170666,0.17120445230592882,-0.11157814080860998,0.07122388249626098,0.3489796816518685,0.2126007897138852,0.42091517822359287,-0.38897267581605016,-0.6263830564138891,-0.005430459806196909,-0.2610170025746435,-0.47860867344028357,0.41704484069717507,0.3121734488706046,-0.4931554503639033,0.9843565345794749,-0.18773820386056317,0.6369152958358997,-0.04401832932747055,0.5456791012862571,0.47951812448926173,0.6716949406696041,0.9821789913839686,0.8229233015627093,0.0005682649789378047,0.02837718091905117
琳大侠-碎片.mp3,-1.9354877689653949,-0.068293052963635,-0.5957375002243279,-0.4569833106990405,-0.7477627064032515,-0.5011978940713037,-0.39149780672805995,0.4212229897676727,0.4941210600639879,-0.60151235285978,-0.7294722372761585,-1.3066980787848343,-0.8386193007771067,-1.5156814489607948,1.0541769915377308,-0.17277855585003968,-0.6430829301600126,-0.5990632810023946,-1.4216578216428362,-0.3456333731316384,-1.651541843751852,-1.3304115605427358,-0.9387724611765947,0.624743014706206,2.3057885706626835,1.7741233569065922,0.0002626597124617547,0.0025995972100645304
申冰-热血荣光.mp3,1.5899908875611868,2.0523017062564697,1.4017189025179537,1.2856211184601367,1.5000179674101235,1.0281660120050957,1.9134286880329605,-0.9008900168069995,-0.062006952884570234,0.3986707581463199,-0.24882587772266368,0.7636094749035454,0.5140112217699311,1.4934943996316643,0.5241413361975326,0.9609923459526643,0.9153516535920653,1.6177819925026145,0.481648832298313,0.7577357739553061,0.4883388440315555,1.2016895707601676,0.6695799056599134,1.476461215573537,1.2439636887864334,1.0070807354719058,0.32956463098526,0.019105251878499985
白万龙-看见.mp3,0.5209303644031325,0.10950502493968312,0.28774296297810276,0.4520943544241935,0.459920707306987,-0.15864645554040938,0.337560418808036,-0.21941778885417,0.3347862952537597,0.2716700383971177,1.0238469650800277,-0.005644626428256316,0.2806710309514488,0.08436179877891381,0.16487477696636127,0.19350870011857113,0.6126604447197173,0.7853045866880936,0.6858079151479655,0.4597978824819346,0.21658293159328287,0.4877324774289974,0.6310394322895674,0.2391120271022092,0.26341848993645095,1.0853695071437166,0.07359246164560318,0.3593533933162689
白水-轻舟漫游.mp3,-1.0299039627544908,0.8203530842368713,0.03778662069703123,0.37619605703103914,-0.10895559980771145,-0.3549554259473427,-0.21334147780743304,-0.5340096674072632,0.9913942460291038,0.5128036910621864,0.5805945478674632,-1.4117904855730945,0.9247851327086721,-1.6763861305520837,-0.404238884381641,0.008265152696151735,-1.6917691308134644,-0.6439047573311828,-2.5296295067268506,-0.9967524954699006,-1.7052259057955172,-0.9714712772087,-1.2351209100769798,-4.050821618628332,-0.34462920979841316,-1.2574067145556824,0.0001276782713830471,0.34608036279678345
石宸毅-南方南昌.mp3,0.11939668476856304,-0.5552956575446535,-1.2201965794759582,-1.2984005269321004,-1.3505239359367995,-0.47966208290404005,-0.4340476812345761,1.9322482830135683,-0.2413156154001992,-0.48500290827758624,-0.8069695303991601,-0.6714181455908816,0.8176508343039244,-1.0968159342085322,-0.12205593163019765,0.17799888434142064,0.3585895035822562,0.4960744360566667,0.32329192161352316,-0.19255596692535454,-0.2613323275980212,-0.7272190461917944,-1.0966787914521179,-1.2817470284287857,-0.10515307795353293,-0.47464666962407126,0.29647547006607056,0.16141605377197266
石昕奇-MouseJump&石昕奇&Siyer.mp3,4.74147174570523,3.4084811217328412,1.194690674835487,1.4412140878958735,1.5129923982739737,-0.7834845880119603,1.560533466370093,-1.1706913251078659,0.12484828028394084,-0.880233999700829,-0.6402628613253717,0.8022634320714115,0.824860050610416,2.1297681462307705,0.8019218766407014,1.5276854747979953,1.9602491003294586,2.55297045387951,2.5269123526375616,1.945348817416701,1.3643720927371483,1.785703939073793,2.1783051372708475,3.1318200119997432,2.788110701066197,1.1983467822791738,0.9999998807907104,0.022292640060186386
秋林-绪.mp3,-1.1226347204447797,-1.929527680471056,-1.4342919772549474,-1.1950570671286733,-1.4130533273967911,-1.2849325698350234,-3.0068868338588444,1.1837656293669132,0.49247522157324497,0.2212896190475017,0.828760753928692,0.3828584382774891,0.519175659287867,-0.13097392182049003,0.24931689181882996,-1.4435319619050726,-0.427305913228838,-0.9228184572810075,-0.7893785170981004,-0.5903593718860053,0.8380389023923532,0.03908829050904239,1.0102585130517379,-0.1286612408499427,1.0269769106243078,0.6010434095195711,2.2294507906472916e-10,0.08202867954969406
秦玉杰-我没有去过美国.mp3,1.2663188053868109,0.8430547896871876,0.10814219259707993,0.09229264326399038,0.19677987639498565,0.18976836109605097,1.0628222332312147,0.17658671397157524,-0.8310492901032793,0.7188072805383916,-0.23189279927463857,0.7652838768100296,-0.7833478983262049,0.05311425533225684,-0.2453224462206598,0.4255141739062686,0.38169279694876385,0.24714354868664148,0.16748352829789523,0.39923447020217334,0.5153857806839457,0.7171663464516703,0.5147522209388171,0.986269537486299,0.8345687961498601,0.3746022642040488,0.2837800979614258,0.5999717116355896
简单-你的名字.mp3,-0.09296022275561795,0.2562822535026347,-0.4460992048450007,0.005550542715993525,-0.31341725820765104,-0.7082615786851454,0.4709554762524351,0.7702614680382526,0.2105761028064249,-0.04427884790061617,0.6149005153411329,0.5771810384526068,0.3576002987532779,0.25864915537573,-0.7760554168032304,0.7654270931827092,0.06729843496407198,-0.5074729353707073,0.4201203452813548,0.05182236848596652,-0.2438807612730209,-0.4074355821144791,-0.5396945182126889,0.42127430766044544,0.7771377568441673,-0.11568875921271246,0.00016247543680947274,0.4675008952617645
简单-念念不忘.mp3,-0.06855140276654197,1.8845339449423073,-0.0025779486845790667,0.10334074170078482,0.11047670695539319,-0.28540300210670516,1.3119849451553824,0.6348950862557063,-0.2832576139974265,-1.4757641255951146,-0.01515593358254773,-0.1594657215361486,-0.3866768754708021,0.003390596509558049,-0.6542698298258762,0.6763100641364892,0.02471616244929923,-0.6216636104138649,0.7894718065208638,0.47174725713508475,0.44285854214745957,0.3585738644053306,-0.3615920417750707,0.6021871562969169,-0.036590736773435696,-0.31831573588333806,0.007938656024634838,0.34778687357902527
纸二-张先生.mp3,-0.5682902520556514,-0.7704357610726359,-0.49562953035226587,-0.4616277480033767,-0.5914086643277591,-0.3874707863307947,-0.5876486248241185,0.9636050846781676,0.2463051757676916,-0.510705344341145,-0.25141920489178027,-0.9841373090466202,0.08378771842259108,-0.9524687519078937,-0.16427889162133966,-0.24504288687843684,-1.333005128236861,-0.18278479749666324,-0.5055961056842311,-0.2695773950910521,1.0109934035061263,-0.06893900931415585,0.32668338503984534,-0.047849952432483245,-0.09164975378390013,-0.20440696454811186,0.0016095106257125735,0.12453648447990417
纸鸟高高飞-摇滚烂命.mp3,-0.8906029824066802,-0.5657184562239849,-0.4470722096151473,0.03762005509742961,-0.6947362910158654,-0.43076675000915043,-0.6900796522406423,-0.11591653530616547,-0.11005794261369056,-2.2292612469928113,-2.47229301982849,-4.370246885692098,-2.7848801999892294,-4.233295667005801,-4.4401509418284055,-2.934202178321641,-3.2652111310158145,-3.0753456679677136,-1.9886953945162809,-2.684406904624965,-3.5349648699528267,-2.2653679064748657,-3.1074962613026917,-1.1281425905071296,-0.6850233978629326,-1.688641175907813,0.9999420642852783,0.7210726737976074
练亚锋-干了这杯人间烟火.mp3,-1.3902576769627915,-0.7443119562943813,-0.08505880744326022,-0.07641186485404479,-0.13761041290239887,-0.07252176748191404,-0.4407165221970373,-0.24165896488105248,0.06862049285793748,0.3143315931981168,-1.1081810510470167,-1.8757973401209862,-0.6663421572482914,-0.4462459624077317,-0.5983423308202466,0.056666757099579815,-0.3225588567450623,-1.646147144070379,-1.8197389060955649,-0.5185227948595303,-1.164837257434632,-0.11684482261560332,-0.10804785182984779,0.9440835177269576,0.5673054736748069,-0.1408160293654482,0.05092292279005051,0.4644642174243927
练亚锋-某某某(伴奏).mp3,-0.6779549295397287,-1.4671754426145582,-1.0824001914499937,-1.0657436177448338,-1.1256575812384542,-0.559217289954071,-1.7891113827026173,0.5678973367872842,0.7746964101853057,0.1772007269671518,-0.7666379503792057,-0.5198113888671755,-1.1642427136320566,-0.7854831350763002,-0.11697134930640432,-1.0328140926501055,-1.0916224027010173,-1.3934652937454464,-0.7699173697136753,-1.4075703737858138,-0.8287248999349712,-0.494384221885549,-0.41117471309557513,-0.7439226770064923,-1.6326276155197115,-1.7604193709965432,0.014809342101216316,0.47647494077682495
绪成-迷的鹿.mp3,0.5122475430904805,-0.5295517852724994,-1.5122192383219204,-1.113116589838301,-1.4395950173814562,-1.6538447192972867,-0.7096800277110635,1.6343862435324237,0.5699496484594551,0.5608913388966331,1.056963406697947,1.120607163883521,0.8450645125760572,1.873028559609441,1.1598919040450801,0.12138060170401156,1.2984740188724138,0.35021039723314223,0.4453847564128728,0.5405686720188329,1.5134591246556153,1.2177450908824052,1.4650003573040031,1.1552739076803689,2.1016491365160177,1.4435501861152722,8.970968679022917e-08,0.03289211913943291
耳朵-凌晨三点(完整版).mp3,-0.6175253860957182,-0.4968328049576521,-1.5667888489236161,-1.1739010421529827,-1.5191962604520863,-1.5835205115545254,-0.8143560732107721,1.496181106498212,1.1289640951916993,0.47912812100461916,0.5285970781201432,0.029012557548154082,-0.7387538789313873,-0.17602289500878945,-0.5038674231443551,-0.7037817666374816,0.0435477052285487,-1.1035787394144965,-0.39456856059721707,0.23084527846439543,-0.14307143736065261,0.31377843298052266,-0.06805073472493124,-0.6053055527899542,-0.22255045647963617,0.29869784009433664,1.917263216455467e-05,0.3756120502948761
董峥-你的名字.mp3,0.16658483657349543,-0.25529317490718906,0.17127797260951974,0.31669837224135927,0.20432710386815287,-0.12306126329528558,0.18734469277392274,-0.24990300744439561,-0.3651944850598691,-0.29543073616659593,0.6327619665005342,-0.585629670993235,-0.6914737977045046,0.06242173021437301,-0.808732739890448,-0.15197612859408335,0.248624042752706,0.06901763104505035,-0.6557081226736917,-0.5112771124247383,-0.18869777066619237,-0.772975050499567,-1.4865968899404163,-0.699696948066486,-0.32506511685527095,-0.9044662161546881,0.22868569195270538,0.9807367324829102
袁田-浣花溪姑娘.mp3,0.7765852397433533,1.4931901758641666,0.23470458845362666,0.38015045272337583,0.3006860190086954,-0.32961202961031305,0.5854596196316468,-0.5994241544771838,1.1692157975854989,1.1024662348429974,0.3811670065282263,0.5821650156190037,0.3721247193549522,0.05917651330939578,0.720969779741386,0.22718365428697154,0.7669799034816613,0.20178577212368817,-0.306090709746913,-0.07387520818298496,-0.502027455785239,-0.2188798100915354,0.22966473715609023,-0.3530976144117277,-1.2621542099269214,0.030471260676085295,0.9943411350250244,0.0897747278213501
许家铭-言.mp3,0.3834678232419288,1.8063387169251401,-0.48750020657371584,-0.5735891774961661,-0.4964383982048557,0.04216722380855369,1.2713868871176934,0.7954052778248399,-1.0344936596639154,1.1529781325381554,-0.18611474122154603,0.210525387659353,-0.5345338650061054,0.7933420329583648,-0.13133016401643582,1.165546705265065,0.1825911339895536,0.33932166350546994,0.11831546783818504,0.7292685513969597,0.7274921626464931,0.5190448941914566,0.3325720860665285,0.5138273688342998,0.9577107780872572,0.8880585495219184,0.0010578071232885122,0.058477241545915604
谢晗-FOEVER.mp3,1.844568301619088,1.0369670256827854,0.171777366618562,0.43665348101960244,0.16631287556473662,-0.06265390827181494,0.8209829053009791,0.11038178890323129,0.982483135715967,1.356725756953212,0.4889444569913695,0.7010995309225156,0.3966470140948791,0.4810800096037973,0.6366998825600301,0.6740372571499783,0.8535220532296941,0.9567230725046676,1.024668492284998,0.9226036186962651,0.9752256404668486,0.6976533670276367,0.44554411786007114,0.3491494029365246,-0.3300485914107213,1.0796337760866892,0.37414026260375977,0.17496688663959503
谢罡-中国字画.mp3,-0.814087370137942,-0.5123972420534111,1.3580697153824268,1.078417100614611,1.148814991249034,1.509625425490505,0.3960576912677592,-1.192015164172372,-0.5241939779010125,-0.031111462337676848,0.16077832117268973,-1.09880710324003,-0.2858634369028437,1.0838475295951806,-0.06021275209063997,0.7352358597869781,0.4754149963682376,0.6601745340942052,0.6585021474809012,0.019350170517680097,-0.7873670186105582,0.6943776688610929,0.1800022749923908,-0.6180072604504134,0.0677816123550677,-0.40173893608401084,4.929086571792141e-06,0.7661319971084595
谢罡-江山无限.mp3,-0.30557532881769794,1.1251497540610915,0.17418152703901843,-0.08621501069746264,-0.010199657293559183,0.5817273182551483,1.3155945851857527,0.34985938543211414,-1.308196883084149,-0.11804174601065225,-0.47751819422492975,-0.17780150144395837,0.002478733616743896,0.9244279469684651,-0.19953436770951055,1.3390800833165504,1.1226265632426995,0.671411307362221,1.4398404392812862,1.0210865459422642,-0.4705534926106159,1.9008253312670536,1.0834480812360399,0.8690753906112392,1.9422138783860363,0.973151066076647,0.013797059655189514,0.05217312276363373
谭雪豪-夏天.mp3,-1.2930280628496134,-0.7785156016193031,-0.9372127742400204,-0.9641941660490881,-1.0941440568250318,-0.5643190345234262,-0.8011028474988733,1.2211105182787052,0.3155441244090024,-1.4703671462370433,-0.6375521828759426,-0.22192516240886906,-0.5789883246791505,-0.39109570209655586,0.7249973765025348,-1.0686209123857322,0.5270117349668197,-0.44327887325210064,0.600452119580812,0.0899849445275454,0.6716208254579531,1.060401298890313,0.029635822387090012,0.36239639233813153,0.9927889549027402,0.6363355566600098,2.978743395942729e-05,0.008139358833432198
谷静-【原创】独坐幽篁(古琴纯乐)-【原创】独坐幽篁(古琴纯乐).mp3,-2.380452884667446,-0.25209007812486606,-0.898371670041396,-1.4769943628320146,-1.181352154623707,0.1793174036285811,-0.37471191446063234,1.3579449665825691,-1.6553479472996095,-2.798219674077448,-1.1380568388863146,-1.609591499582723,-1.691540871655498,-1.1977221811125678,0.2213757825806665,-1.4357113152768168,-0.40917618517095383,-0.3231543104528742,0.7722478262919172,0.21672597381795342,1.243361940889685,0.7999545035430625,1.4831675474927397,0.10396463594054624,0.3174709170118945,-0.6047788330198189,1.4762017030989227e-07,0.0008282645721919835
贺三-生命之光.mp3,0.8387457086776339,-0.5020950178093063,1.1612947387378796,0.8044655257579322,1.069973094673471,1.2146440077970464,0.5216342411022635,-0.4182129417563962,-0.27006642005350834,-1.6025741597320606,-0.6361539054763486,-0.7628526703125066,-0.23707482970969634,-0.1273578006762535,0.3223702062054584,1.095237320282777,0.1491601624494874,0.3385083503390779,-0.21281999613823094,-0.012285783558949175,0.16953979075611036,-0.18594705428561642,-0.1665518521660701,0.7947352808475346,0.5214331783197966,0.8310944161697177,0.01612362451851368,0.9783111214637756
赵十-追寻.mp3,-0.06337130786119832,-0.2625426513075899,-0.5593286124968407,-0.2414572984780798,-0.5455271342657965,-0.6127215654894619,0.08932178889489512,0.8723749064742506,-0.14845788991120928,-1.0969799322855704,0.2290701216741268,0.07849397601989921,0.404615362267023,-0.3010530436757572,-0.09049832424729654,0.7281900765241541,-0.017860788702948955,-0.03246952240127412,-0.33074657331246865,0.3711640423735509,0.08372854525273699,0.5806789521513875,0.42123737790221405,0.08913401785517427,-0.27004719073946826,-0.4894243722368326,0.015142956748604774,0.5549322366714478
跃跃-流浪.mp3,-1.1328165009372546,-1.4945653404802561,-0.8511132680980404,-0.749286140033594,-0.844687885629885,-0.8125358758417058,-1.6138784143522007,0.5142895187303723,0.007189918425037621,0.49892701158503483,0.06576563612416772,-0.29864629842975826,-1.4523922193468781,-0.7319158202410719,-1.774625293806815,0.11294224034538256,-0.6409598592652054,-0.45005892019916005,-0.6276011070346457,-1.417361645349161,-0.12736062519653227,-1.3378479397098924,-2.1348673117751416,-1.5904909471394546,-2.278717667962407,-1.3899567921545306,0.08198190480470657,0.9813790321350098
邵奇-再回不去的童真.mp3,-1.574654968460404,1.2059794104528125,-0.43843946488527524,0.014853492065166802,-0.3280115056981106,-0.6172201258994358,0.19214910633392654,-0.5140637460715064,1.116378412811686,0.5590830823182528,-1.7902855809825435,-1.1960588522915767,-2.132470012868993,-1.9109601340921987,-1.7968621337516792,-2.5146871469080856,-1.139470782870256,-1.7944094953255034,-1.0428399026271524,-1.4067256498634557,-1.6409257542331463,-0.8163281053474882,-0.6349268058425408,-0.9401471691881078,-0.7368708710323381,-1.1486737053692417,0.00010096972255269065,0.012917086482048035
邵奇-香格里拉.mp3,-0.3622566990318009,0.4040799355000413,0.7499801715555248,0.9954104483330444,0.9398993540401753,0.05854922418039201,0.6264105888733155,-1.0739872820423173,0.08774277489148412,0.6268860733388888,-0.2972118429101773,1.075992690466301,1.3613131139445276,0.7376081943978894,1.2253112006178597,1.1368000661396909,1.3772714837254443,1.30467277774344,0.4337247208960458,0.990841156854751,0.4638678542155622,1.0397437503398528,1.3894048347290435,1.5759272058042681,0.3687713697698297,0.506338874024113,0.029697109013795853,0.004712816793471575
邵泓升-小小小人物.mp3,-0.004407289088240927,-0.43168016281294774,0.43260021130219306,0.5379635161996549,0.6200742414720902,0.07723197376143077,0.2078806224123618,-0.3060677481079075,-0.11082824360325175,0.7980262108532653,0.6997977580963733,1.2334642962033926,0.31923292407744186,1.030876968365937,1.0203642662658707,-0.30290575253538826,1.0002413866159232,0.47244338576468065,0.20860125259217535,-0.21269083392884797,-0.44451029243926654,-0.17197750721809493,-0.5601337942033812,-0.17680632595818682,-0.5055935702985447,0.050345679986953336,0.007626451551914215,0.3075839877128601
邹广超-06雨.mp3,0.2661191314983733,-0.9891013134444642,-1.7160904218793263,-1.464272295160266,-1.6154363648756767,-1.6553679578900466,-1.5947280412590104,1.507647690246402,0.6235182251375365,0.2210834420180134,1.712809553985156,0.2601891941418927,0.1901866151518472,0.6604839424110468,0.30647729134096363,-0.7881680099012848,-0.550366829115949,-0.342768704781407,-0.7781751534609563,-0.43803506783182494,-0.5960291644332263,-2.0542955425960248,-1.390792699701239,-1.805759008830128,-1.97144245556367,-1.6644216313543403,0.018005894497036934,0.9909965991973877
郑磊-包河之恋.mp3,-0.32226203737849884,-0.44108767553361977,0.0239922165782387,0.08377667551547253,-0.022449538046305458,0.06162994523806354,0.028367152833907103,-0.019742959156888364,-0.2816073398446999,0.4212711048237309,-0.15803416349566188,-0.4263982211281892,0.8274931904825213,0.5551480255542702,-0.6368659413132951,0.4587400784565243,-0.4630208995580401,0.21085876957091135,0.6090704483943193,-0.05805046291860514,0.5392487941002388,-0.5425434198721715,-0.5030906167896333,0.4488931097353095,-0.14695318733532675,-0.49628567043608934,0.0010098323691636324,0.5362800359725952
郭育良-一切安好.mp3,0.20764122895926096,-1.2327268812243393,-1.5593618005439849,-1.1002700715887275,-1.5444527262355774,-1.6709085422854728,-1.688891744650611,1.5325556856230533,1.1946179316195207,1.005848607586536,1.9978770018079155,0.8964720424243636,1.5834938880467757,1.4536098728662197,-0.9014632200266198,-0.1665790715099649,-0.12991172158198885,-1.1954978183857201,-0.22343305255140805,0.1434538375619397,0.7728541175024413,1.1504438404740411,0.5289547338053514,-0.725655242026689,-0.8444883026532872,-0.5000921418931716,9.593509275873657e-06,0.9938083291053772
郭雨蒙-红豆(爵士版).mp3,-1.1779829597124385,-0.9504291549430354,0.23407588301030643,0.6018282232371516,0.052449558863312554,-0.07006067161870504,-0.9626767167060887,-0.6322420833845164,0.9208873658138318,-0.4826042876540842,0.8746461315991708,-0.4601351185302637,0.6571308663262815,0.2608070107371533,0.7086899000225644,1.0503148906994733,0.12108672945991436,1.2734082635961381,0.4715389494102914,0.7996848559481998,0.5446477263689309,1.5101097166459319,1.329701314316865,1.9521569206149294,1.8515759812964747,1.6912823028281605,0.00011854496551677585,0.06169905513525009
长安-花花朵朵.mp3,1.4335708239567073,-0.01690619723247463,1.4415698922367906,0.8779702169401051,1.219180819614744,2.140019107573062,0.12983113025147208,-1.1612005454711385,-0.7054242706370508,-0.35056725303655023,-1.1687404870383402,-1.6737345727314206,-0.22895980444014116,1.082640430628037,1.3410031297278338,0.1281247418447193,-0.5834325418110989,1.3492729083862887,1.4517680385351603,0.9020390612433232,-0.17786938656062778,0.44364739813318643,-0.23397411186301317,0.8588757287633403,0.684019699826173,0.6556754765384419,0.9681098461151123,0.9704528450965881
陆晨-你就是我在这星球的位置.mp3,1.0774082945524295,0.687422722243397,0.6372439356303504,0.1362624199843859,0.332135287186359,2.1021062708278118,1.1746565051486868,-0.6795558663983519,-1.6509256373070778,-0.7096783686945937,-1.1368320467614235,-0.6772174776526385,-0.18317166705534288,-0.8441412168037273,-1.352730711990691,-0.41800644554963745,-1.449913533256746,-1.4832313411289073,-0.3188967453832211,-1.0688160243554707,-0.9926202405494273,-0.03402683519528518,-0.740392643316217,-1.4731669334519801,-1.7954191899462417,-1.0221147364768606,7.312835805350915e-05,0.9498587250709534
陈北-冬日，少年.mp3,-0.9535950573023216,-0.8700680163567646,-0.29665367765481954,-0.6163414032008727,-0.46853057684354205,0.07058638280640193,-0.4181330879740064,-0.04802006284934599,-1.44716381679975,0.2126354131431174,-1.2923084468269812,-2.001574195132719,-1.8061120152155012,-0.5098596751084689,-2.6138128222776866,-2.5736687975498858,-0.7167517703679561,-0.6819250204054862,-2.3127700067076007,0.2222224975165093,0.29619201122390665,-0.2528995441932647,-0.1496428350483699,-0.28796382724793923,-0.8588102410097855,-1.3113361223831048,0.03907556086778641,0.9270607233047485
陈家葆-校服.mp3,-0.10730761876525155,0.001344835136342439,-0.04080262464231338,-0.01597732429903796,-0.2141330700756514,0.19214444369521674,0.014411878202706683,0.33298914631961657,1.2684681766652783,-0.4070241749951923,-0.06304370337077306,0.9280016339597623,-1.1867427756020503,-0.9777075230688184,-0.31378341848229224,0.979882192816317,-0.022666377826454087,0.02008788268124721,-0.08781174999019264,-0.19026860814285532,-0.27447100909139777,-0.48879254942640066,0.3859604774629515,-0.23547590202057872,-0.2098584997379674,1.4605249869821793,0.0018291383748874068,0.31871598958969116
陈思远-就是喜欢你.mp3,-0.7304839821697673,0.1031322969325697,-0.20494638384185654,-0.32284714831899686,-0.31093446021277277,0.011997433021981347,-0.524787527335051,0.20836584789328927,1.0803371262736576,-0.07003745391187226,-1.3486091983231772,0.3165314152015584,0.5704927417224729,-0.4294140455827129,0.9200322469236101,0.7766322478122464,0.6967920460208291,-0.7959506376820827,0.8222581211370816,1.195196062703769,1.209212211645432,1.9465525753998376,1.9323090632014484,1.8660923190814966,2.360127205921682,1.7893408495615797,0.0010304211173206568,0.0019316219259053469
陈思远洛天依-子虚姑娘.mp3,-2.1980491327225526,-1.3901846055631335,-2.2412903099638846,-2.7009145880890477,-2.170464753778718,-1.6145647654986224,-2.432486507969317,2.1087736323667587,0.7407890656032381,-0.27955270480167427,0.7006586651898414,-1.7301021010804858,-0.2446096690034194,-1.8080696065694708,-1.2339279585688658,-2.317120208561051,-1.6094379431938466,-2.198943317209534,-1.0288017267839165,-2.294640180994827,-1.3201934582007684,-1.4134415469425325,-0.6496408790499678,-1.216414478702388,-0.4222270865914803,-0.21698809261210542,1.4650940016736058e-08,0.001234180061146617
陈涛-南京.mp3,0.09505246846666844,0.10674977605962852,-0.6752307044608901,-0.3112804060756406,-0.5036546203189415,-0.7938631564780101,-0.07382711411122554,0.259873689834966,0.36548236390098726,1.4306945925209051,0.062891490044852,0.5339809727784222,-0.1792083950594827,0.1673013301406411,-0.5435755265120988,0.32692623087656064,-0.09429903373870062,0.1481964144517691,-0.23613923813534637,-0.3903361246161845,0.013625759878739192,-0.27591600378776104,-0.5405513536925648,0.02035069859378986,-0.5309722962227267,0.0848758258864698,0.012171996757388115,0.6310718059539795
陈能-小优.mp3,-0.8579338192442708,0.13705899016188497,-1.375090532550543,-1.324130379953866,-1.2941978892509747,-1.1309844317603182,-0.26982680647777035,1.1735001204960451,-0.5558839894324888,0.8431332447073429,-0.6898708331061385,-0.47705130766872667,-1.38620241303204,-1.9135953395035497,-2.684341287489277,-1.7913193728327967,-2.487401034656634,-1.8708249202257086,-0.9060542680645153,-2.682044204836789,-1.5014179276103627,-1.9000006483101872,-1.2904286218193692,-1.6494784640421212,-2.4599469366580764,-2.000632650834375,4.315809201216325e-05,0.022729456424713135
雪拉同-沉思路.mp3,-0.5119701252679953,-1.4442374481817397,0.35944052688082084,0.24876690994357956,0.28698629023102123,0.6017894944451255,-1.0518974022573495,0.1572908385383268,0.15913489086040208,-1.841938070120598,0.7885662501990054,-1.2256649271077389,0.10900738737155458,-0.61311980513979,-1.013895794003373,0.1538345878618323,-1.0450814269908109,0.6204893440121836,-0.4167571822657581,0.9368679091491933,0.11712795583272205,-1.1913942886190354,0.4750058212937197,-1.248086181977729,-0.528160109268171,-2.0384235817415393,0.0005083184805698693,0.9886592030525208
韩小毅-韩毅-伤.mp3,-0.3652574980951781,-0.26958665902755446,-1.2419721155241192,-1.7527178807771617,-1.1508703899191943,-0.4727861252903134,-0.09631766851426408,2.075020068441052,-1.3588697572400126,-0.09927582704866482,0.1921223459649353,-1.1142518183233951,-0.5405723305116015,-0.9304038151068537,0.07375706447768807,-0.5981922399790363,0.21710728140170454,-0.2556116416775354,0.20532421615750754,0.5956872480885316,0.8889192899211329,0.3685463235047638,1.4629273537594611,0.05625102112842774,0.9001080665737562,0.6315964310758961,3.39204998454079e-05,0.0124205332249403
马斯朗-昭君怨.mp3,0.8544173892392336,0.5131545224488917,1.4596831267559132,1.223091275641608,1.3719132606207187,0.7573874471599297,0.93000459863803,-1.3920987661936481,0.16656327931776324,0.5983910988608495,-0.6068556177320447,0.184498224143715,0.7436552439763328,1.4910120937785067,1.91487181310298,1.2272162612329125,0.804895019880248,1.0889996729805622,1.045388886134194,1.8283334088232486,0.5211089312489778,-0.053641518246273515,-0.058662476020766255,1.0088332114798235,1.2429266386964573,-0.20120951996229938,0.9606836438179016,0.040736179798841476
马斯朗-长安恋.mp3,0.38987621939330835,-0.6203546699493508,-0.12233242177141564,-0.05221122857577665,-0.052894845134051016,-0.004924151898642431,-0.1920310893416274,-0.1983224475284774,-0.33150826650588405,0.7065393546662323,-0.36886620405743764,0.9587274372322923,0.09452607472551611,0.8617534614000746,1.7747537398380233,0.6973443109131027,1.3997410726176165,1.7088135683340893,0.38037429362673514,1.0103732767546996,1.2131916053107665,1.2289621325697546,1.212874810199956,1.08533821554189,-0.23403327692450895,0.47341583675578036,0.02368510514497757,0.15885815024375916
马新安-门楼.mp3,-0.23481045590032418,0.31503448473417867,-0.5561621236803195,0.00044618090269732175,-0.6969095424525803,-0.9069212625748705,-0.03451886127428827,0.7327869241169404,0.9603610259487889,0.1095841862469048,-0.14588486774094947,-0.7735142974206386,0.2805094720493048,-0.6811102654131399,0.24995214615266031,0.9575129260757639,0.3037011345972311,0.32367807406462806,-0.7072104110912729,0.21957390748646796,-0.2843560227828226,-0.41678791613105615,0.11546699642235,-1.3632677842070857,-1.8878167991659849,-0.7137439215856936,0.9697815179824829,0.5250459313392639
马良-小姑娘-呵呵哈哈版.mp3,-0.9081112206854198,-0.6324712933733331,1.1371300298787987,1.4726904161719103,1.4372479704628494,0.6376701246797645,0.10037633298691391,-1.1122703769590416,0.5564460441247269,-1.283836902628444,0.2952182059165664,-0.21168058719274713,-1.0295096323778057,-1.0217400701472539,-0.1384282674946782,-1.3169173615239211,-0.8802189412886302,-0.08752405905463743,-0.21902764783830467,1.0475061091200615,-1.0654902490042744,-0.3376647763022795,-1.085741633099972,0.40860055895947556,-0.5951342482236127,-1.4136545179810744,0.0024159520398825407,0.972501814365387
高成艺-雨转晴.mp3,0.1573825834271932,-0.11883441122655676,-0.2604253408181739,-0.21774033775449594,-0.2864775096960381,0.13733229691285131,0.37623421925890654,0.9337713723635243,-0.39103311168395566,-0.9157244056003102,0.303587470666028,0.5649391171005886,-0.13075632121024455,0.3143162152694925,1.3708741328941811,0.6740622155409541,0.5699113579290401,0.00595924614760489,0.1596428617802881,-0.35022479148687147,0.5658865599790834,-0.2131414926623952,0.7781693335719513,1.5351959771730312,1.227600433187085,0.3698035078220867,5.363769014365971e-05,0.07635503262281418
魏路遥-往日时光.mp3,-0.5417374512587667,-1.3482829592422834,-0.4629150075971711,-0.5476648603374242,-0.631402429329457,-0.42347857077745765,-1.1783396840381404,0.1708759808547539,-0.14359886528560634,-0.7562885743699866,0.25387113059873023,-0.19474343355759804,0.7028065192337085,0.03424554763184248,0.22443414299897932,1.421916078432066,0.6740505447435389,-0.5820084306625415,0.41548972414149427,0.8901677506554684,1.1767056222728673,0.2259241461719081,1.2616365787388992,0.010259589961579182,0.37405896349775136,-0.35693465213540043,0.0011992297368124127,0.6666689515113831
黄国强-为什么要骗我.mp3,0.9334207964991972,1.7435108237126782,2.6855405643991053,2.202263720977636,2.451861338055866,1.9203873823682016,1.492830634533486,-2.531066985726287,1.2347045026146366,1.5352324097054888,1.0280415111213967,1.8552733766852847,1.0417155566659138,0.7693731632814567,1.4160320265579074,1.186443375632711,0.1987243586670106,1.9726540540307522,1.694645228055639,1.5184674260425464,0.8559801395810831,1.4792004683958078,-0.19524936100918505,0.4622402445874598,-0.17468298321887013,0.5987548773742861,0.01082920003682375,0.02159711718559265
黄柏源-放肆.mp3,1.001066211897614,1.096433352855199,1.5076537287803187,1.3336489608488333,1.5473296365298654,0.7713377470507589,1.1348143025589277,-1.605680679485964,0.36250031520888076,1.1614299910533274,0.36201112085131437,1.497124004931533,-0.42206156272865497,1.197121615207145,1.0909242872072276,0.3079299385116327,1.4167413759248848,0.7924525888825474,-0.13674289892287586,0.7733859351708824,0.985553869184136,0.6142497191912547,-0.27412664951501226,0.3973405037461294,0.07728645442295365,0.45218352432438685,0.3817223608493805,0.17639829218387604
齐丰田-孤途.mp3,1.0531174063651998,-0.33912845668476566,-0.39394424765413877,-0.4919652721114683,-0.3750011863364583,-0.40297339044265795,0.10117068727021392,0.5836491071141993,-1.1177316457140214,-0.6556560992525508,-0.3426720377325838,-0.10154040302167892,0.010807018043259788,0.0749733661314541,0.3807599207326423,-0.11880687856836133,0.277681650265481,-0.47165575451049097,-1.0174036853736548,-0.881757978970648,-0.4714160358001149,-0.06821918031266053,-0.5079152615674379,-0.3993322273931054,-1.0084067676778214,-1.1440937276515635,0.6300517320632935,0.9549677968025208
